epoch,flops,step,train_value_loss
0,119992320.0,29,1.0614656209945679
0,239984640.0,59,0.9813228845596313
0,359976960.0,89,0.9663398265838623
0,479969280.0,119,0.9753940105438232
0,599961600.0,149,1.0153765678405762
0,719953920.0,179,0.9736400246620178
0,839946240.0,209,0.912418007850647
0,959938560.0,239,0.9690463542938232
0,1079930880.0,269,1.0029408931732178
0,1199923200.0,299,0.9323000907897949
0,1319915520.0,329,0.9003452658653259
0,1439907840.0,359,0.8856614232063293
0,1559900160.0,389,0.8187376260757446
0,1679892480.0,419,0.9800413846969604
0,1799884800.0,449,0.9299124479293823
0,1919877120.0,479,0.9394907355308533
0,2039869440.0,509,0.9167325496673584
0,2159861760.0,539,0.9510806798934937
0,2279854080.0,569,0.8902608156204224
0,2399846400.0,599,1.0281504392623901
0,2519838720.0,629,0.8923183679580688
0,2639831040.0,659,1.067919135093689
0,2759823360.0,689,0.8908267021179199
0,2879815680.0,719,1.099621057510376
0,2999808000.0,749,0.9492429494857788
0,3119800320.0,779,0.8905906677246094
0,3239792640.0,809,0.9193684458732605
0,3359784960.0,839,0.8695422410964966
0,3479777280.0,869,0.8200829029083252
0,3599769600.0,899,0.8870773315429688
0,3719761920.0,929,0.9431925415992737
0,3839754240.0,959,0.9332969784736633
0,3959746560.0,989,0.9341771602630615
0,4079738880.0,1019,0.9771813750267029
0,4199731200.0,1049,0.9134514927864075
0,4319723520.0,1079,0.9202742576599121
0,4439715840.0,1109,0.9279426336288452
0,4559708160.0,1139,0.8877026438713074
0,4679700480.0,1169,0.8116402626037598
0,4799692800.0,1199,0.8420881032943726
0,4919685120.0,1229,0.9276652932167053
0,5039677440.0,1259,0.8925104737281799
0,5159669760.0,1289,0.9310728311538696
0,5279662080.0,1319,0.9836025834083557
0,5399654400.0,1349,0.9031175971031189
0,5519646720.0,1379,0.9547810554504395
0,5639639040.0,1409,0.969064474105835
0,5759631360.0,1439,0.9215375781059265
0,5879623680.0,1469,0.8354466557502747
0,5999616000.0,1499,0.8100970983505249
0,6119608320.0,1529,0.9900045990943909
0,6239600640.0,1559,0.8807467818260193
0,6359592960.0,1589,0.9170278310775757
0,6479585280.0,1619,0.8313400745391846
0,6599577600.0,1649,0.8324791789054871
0,6719569920.0,1679,0.8676453232765198
0,6839562240.0,1709,0.856613278388977
0,6959554560.0,1739,1.0259581804275513
0,7079546880.0,1769,0.8937967419624329
0,7199539200.0,1799,0.867255687713623
0,7319531520.0,1829,0.8783164620399475
0,7439523840.0,1859,0.828193187713623
0,7559516160.0,1889,0.8320955038070679
0,7679508480.0,1919,0.8955895304679871
0,7799500800.0,1949,0.8389824032783508
0,7919493120.0,1979,0.8692309856414795
0,8039485440.0,2009,0.9490962028503418
0,8159477760.0,2039,0.8343047499656677
0,8279470080.0,2069,0.8775544762611389
0,8399462400.0,2099,0.8976298570632935
0,8519454720.0,2129,0.8375141024589539
0,8639447040.0,2159,0.9283586740493774
0,8759439360.0,2189,0.8383995294570923
0,8879431680.0,2219,0.8497418165206909
0,8999424000.0,2249,0.8300297856330872
0,9119416320.0,2279,0.8033490777015686
0,9239408640.0,2309,0.884028434753418
0,9359400960.0,2339,0.9711340665817261
0,9479393280.0,2369,0.8457517027854919
0,9599385600.0,2399,0.8298536539077759
0,9719377920.0,2429,0.8676699995994568
0,9839370240.0,2459,0.8807321190834045
0,9959362560.0,2489,0.8316729068756104
0,10079354880.0,2519,0.7489268779754639
0,10199347200.0,2549,0.9313008189201355
0,10319339520.0,2579,0.8287049531936646
0,10439331840.0,2609,0.8400853872299194
0,10559324160.0,2639,0.7803987264633179
0,10679316480.0,2669,0.7658352851867676
0,10799308800.0,2699,0.9849859476089478
0,10919301120.0,2729,0.9580665230751038
0,11039293440.0,2759,0.807038426399231
0,11159285760.0,2789,0.93476402759552
0,11279278080.0,2819,0.838110089302063
0,11399270400.0,2849,0.8495181202888489
0,11519262720.0,2879,0.7911992073059082
0,11639255040.0,2909,0.8289272785186768
0,11759247360.0,2939,0.7214245200157166
0,11879239680.0,2969,0.8848134279251099
0,11999232000.0,2999,0.8397413492202759
0,12119224320.0,3029,0.7640523910522461
0,12239216640.0,3059,0.8925002813339233
0,12359208960.0,3089,0.7500662803649902
0,12479201280.0,3119,0.7813737988471985
0,12599193600.0,3149,0.7488822937011719
0,12719185920.0,3179,0.9014654159545898
0,12839178240.0,3209,0.8428720831871033
0,12959170560.0,3239,0.7424284219741821
0,13079162880.0,3269,0.8847544193267822
0,13199155200.0,3299,0.8044192790985107
0,13319147520.0,3329,0.7831666469573975
0,13439139840.0,3359,0.8983595967292786
0,13559132160.0,3389,0.8824666738510132
0,13679124480.0,3419,0.8600729703903198
0,13799116800.0,3449,0.7767484188079834
0,13919109120.0,3479,0.8650912046432495
0,14039101440.0,3509,0.7714799642562866
0,14159093760.0,3539,0.8394244909286499
0,14279086080.0,3569,0.7928666472434998
0,14399078400.0,3599,0.7517563700675964
0,14519070720.0,3629,0.8057794570922852
0,14639063040.0,3659,0.7829587459564209
0,14759055360.0,3689,0.8260334730148315
0,14879047680.0,3719,0.6992517709732056
0,14999040000.0,3749,0.658851146697998
0,15119032320.0,3779,0.7457883358001709
0,15239024640.0,3809,0.8158029913902283
0,15359016960.0,3839,0.8451117277145386
0,15479009280.0,3869,0.8033366203308105
0,15599001600.0,3899,0.8969163298606873
0,15718993920.0,3929,0.8974518179893494
0,15838986240.0,3959,0.7730343341827393
0,15958978560.0,3989,0.8885696530342102
0,16078970880.0,4019,0.8028935790061951
0,16198963200.0,4049,0.8205109238624573
0,16318955520.0,4079,0.8337048292160034
0,16438947840.0,4109,0.8643567562103271
0,16558940160.0,4139,0.9119291305541992
0,16678932480.0,4169,0.8826813697814941
0,16798924800.0,4199,0.7571918964385986
0,16918917120.0,4229,0.8955636620521545
0,17038909440.0,4259,0.7586506605148315
0,17158901760.0,4289,0.733198881149292
0,17278894080.0,4319,0.8307806849479675
0,17398886400.0,4349,0.8923302888870239
0,17518878720.0,4379,0.675365686416626
0,17638871040.0,4409,0.813380241394043
0,17758863360.0,4439,0.7876474857330322
0,17878855680.0,4469,0.6612614393234253
0,17998848000.0,4499,0.7024635076522827
0,18118840320.0,4529,0.9211937189102173
0,18238832640.0,4559,0.9500278234481812
0,18358824960.0,4589,0.7905257344245911
0,18478817280.0,4619,0.809000551700592
0,18598809600.0,4649,0.8293502926826477
0,18718801920.0,4679,0.7578942775726318
0,18838794240.0,4709,0.7634515762329102
0,18958786560.0,4739,0.7397741079330444
0,19078778880.0,4769,0.8044515252113342
0,19198771200.0,4799,0.9027884006500244
0,19318763520.0,4829,0.6540099382400513
0,19438755840.0,4859,0.8311681747436523
0,19558748160.0,4889,0.8459922075271606
0,19678740480.0,4919,0.7915643453598022
0,19798732800.0,4949,0.8921402096748352
0,19918725120.0,4979,0.8207260370254517
0,20038717440.0,5009,0.604435920715332
0,20158709760.0,5039,0.8209892511367798
0,20278702080.0,5069,0.7370001673698425
0,20398694400.0,5099,0.75026935338974
0,20518686720.0,5129,0.7858362197875977
0,20638679040.0,5159,0.7162836790084839
0,20758671360.0,5189,0.9090836644172668
0,20878663680.0,5219,0.6717090010643005
0,20998656000.0,5249,0.9463711977005005
0,21118648320.0,5279,0.8582767248153687
0,21238640640.0,5309,0.8854274749755859
0,21358632960.0,5339,0.8404046297073364
0,21478625280.0,5369,0.8019027709960938
0,21598617600.0,5399,0.8540945053100586
0,21718609920.0,5429,0.655798614025116
0,21838602240.0,5459,0.723014235496521
0,21958594560.0,5489,0.8065718412399292
0,22078586880.0,5519,0.89994215965271
0,22198579200.0,5549,0.7414449453353882
0,22318571520.0,5579,0.8251663446426392
0,22438563840.0,5609,0.8944296836853027
0,22558556160.0,5639,0.8999468684196472
0,22678548480.0,5669,0.7272841930389404
0,22798540800.0,5699,0.7125276327133179
0,22918533120.0,5729,0.695246696472168
0,23038525440.0,5759,0.793535590171814
0,23158517760.0,5789,0.7397968769073486
0,23278510080.0,5819,0.7564054727554321
0,23398502400.0,5849,0.8274683952331543
0,23518494720.0,5879,0.7836840152740479
0,23638487040.0,5909,0.6630063056945801
0,23758479360.0,5939,0.7354966998100281
0,23878471680.0,5969,0.8380827903747559
0,23998464000.0,5999,0.8273817896842957
0,24118456320.0,6029,0.5788004398345947
0,24238448640.0,6059,0.7800195813179016
0,24358440960.0,6089,0.8733798265457153
0,24478433280.0,6119,0.6543853282928467
0,24598425600.0,6149,0.8004592061042786
0,24718417920.0,6179,0.7427608966827393
0,24838410240.0,6209,0.7964574098587036
0,24958402560.0,6239,0.7567834854125977
0,25078394880.0,6269,0.6905001401901245
0,25198387200.0,6299,0.7596153020858765
0,25318379520.0,6329,0.6748172044754028
0,25438371840.0,6359,0.8911973834037781
0,25558364160.0,6389,0.9320851564407349
0,25678356480.0,6419,0.8584349155426025
0,25798348800.0,6449,0.8082239627838135
0,25918341120.0,6479,0.8376109004020691
0,26038333440.0,6509,0.7534778714179993
0,26158325760.0,6539,0.8792699575424194
0,26278318080.0,6569,0.8236562013626099
0,26398310400.0,6599,0.7849428057670593
0,26518302720.0,6629,0.8044414520263672
0,26638295040.0,6659,0.8155972957611084
0,26758287360.0,6689,0.7011215686798096
0,26878279680.0,6719,0.7430813312530518
0,26998272000.0,6749,0.885395348072052
0,27118264320.0,6779,0.8331727385520935
0,27238256640.0,6809,0.7481037974357605
0,27358248960.0,6839,0.8032540082931519
0,27478241280.0,6869,0.7554996013641357
0,27598233600.0,6899,0.7546125650405884
0,27718225920.0,6929,0.7778716087341309
0,27838218240.0,6959,0.7659885883331299
0,27958210560.0,6989,0.8484525680541992
0,28078202880.0,7019,0.686823308467865
0,28198195200.0,7049,0.8654334545135498
0,28318187520.0,7079,0.7443913221359253
0,28438179840.0,7109,0.6433600187301636
0,28558172160.0,7139,0.7403414249420166
0,28678164480.0,7169,0.7457653284072876
0,28798156800.0,7199,0.8152151107788086
0,28918149120.0,7229,0.7356705665588379
0,29038141440.0,7259,0.8933236002922058
0,29158133760.0,7289,0.6729912757873535
0,29278126080.0,7319,0.7171173691749573
0,29398118400.0,7349,0.7562947273254395
0,29518110720.0,7379,0.7575541138648987
0,29638103040.0,7409,0.7676237225532532
0,29758095360.0,7439,0.8000079393386841
0,29878087680.0,7469,0.8625844120979309
0,29998080000.0,7499,0.8149193525314331
0,30118072320.0,7529,0.8146805167198181
0,30238064640.0,7559,0.7812302708625793
0,30358056960.0,7589,0.8879414796829224
0,30478049280.0,7619,0.8139728903770447
0,30598041600.0,7649,0.8395093679428101
0,30718033920.0,7679,0.751478374004364
0,30838026240.0,7709,0.7534019351005554
0,30958018560.0,7739,0.8140128254890442
0,31078010880.0,7769,0.6672693490982056
0,31198003200.0,7799,0.8778594732284546
0,31317995520.0,7829,0.7546578645706177
0,31437987840.0,7859,0.7547622919082642
0,31557980160.0,7889,0.8759225606918335
0,31677972480.0,7919,0.8464672565460205
0,31797964800.0,7949,0.7381353378295898
0,31917957120.0,7979,0.7249138355255127
0,32037949440.0,8009,0.839033842086792
0,32157941760.0,8039,0.910264253616333
0,32277934080.0,8069,0.7893690466880798
0,32397926400.0,8099,0.8143068552017212
0,32517918720.0,8129,0.8150105476379395
0,32637911040.0,8159,0.7798657417297363
0,32757903360.0,8189,0.6769480109214783
0,32877895680.0,8219,0.7128913402557373
0,32997888000.0,8249,0.7570626735687256
0,33117880320.0,8279,0.930817723274231
0,33237872640.0,8309,0.8252004384994507
0,33357864960.0,8339,0.7661020159721375
0,33477857280.0,8369,0.6422247886657715
0,33597849600.0,8399,0.713273286819458
0,33717841920.0,8429,0.7826277017593384
0,33837834240.0,8459,0.8368523120880127
0,33957826560.0,8489,0.8702197670936584
0,34077818880.0,8519,0.8036816120147705
0,34197811200.0,8549,0.8948155641555786
0,34317803520.0,8579,0.7004643678665161
0,34437795840.0,8609,0.7209446430206299
0,34557788160.0,8639,0.8222681879997253
0,34677780480.0,8669,0.8842934966087341
0,34797772800.0,8699,0.8369619846343994
0,34917765120.0,8729,0.8123260140419006
0,35037757440.0,8759,0.8534553050994873
0,35157749760.0,8789,0.9023919105529785
0,35277742080.0,8819,0.8170658946037292
0,35397734400.0,8849,0.7673294544219971
0,35517726720.0,8879,0.7499942183494568
0,35637719040.0,8909,0.763966977596283
0,35757711360.0,8939,0.813240647315979
0,35877703680.0,8969,0.840826690196991
0,35997696000.0,8999,0.705687403678894
0,36117688320.0,9029,0.8213026523590088
0,36237680640.0,9059,0.7929680347442627
0,36357672960.0,9089,0.7719020247459412
0,36477665280.0,9119,0.8082999587059021
0,36597657600.0,9149,0.784721851348877
0,36717649920.0,9179,0.8560755252838135
0,36837642240.0,9209,0.6919927597045898
0,36957634560.0,9239,0.7800078392028809
0,37077626880.0,9269,0.7199326753616333
0,37197619200.0,9299,0.7184678316116333
0,37317611520.0,9329,0.8229336142539978
0,37437603840.0,9359,0.754208505153656
0,37557596160.0,9389,0.733654260635376
0,37677588480.0,9419,0.7881753444671631
0,37797580800.0,9449,0.6993484497070312
0,37917573120.0,9479,0.8249984383583069
0,38037565440.0,9509,0.7611868977546692
0,38157557760.0,9539,0.8534644842147827
0,38277550080.0,9569,0.7337960600852966
0,38397542400.0,9599,0.6889249682426453
0,38517534720.0,9629,0.7939037680625916
0,38637527040.0,9659,0.8201217651367188
0,38757519360.0,9689,0.6545194387435913
0,38877511680.0,9719,0.7420005798339844
0,38997504000.0,9749,1.0209490060806274
0,39117496320.0,9779,0.8358175754547119
0,39237488640.0,9809,0.8403605222702026
0,39357480960.0,9839,0.8056204319000244
0,39477473280.0,9869,0.8716933727264404
0,39597465600.0,9899,0.777241051197052
0,39717457920.0,9929,0.7078447937965393
0,39837450240.0,9959,0.8173477649688721
0,39957442560.0,9989,0.797593355178833
0,40077434880.0,10019,0.9559667110443115
0,40197427200.0,10049,0.8266640901565552
0,40317419520.0,10079,0.7570217847824097
0,40437411840.0,10109,0.8005363345146179
0,40557404160.0,10139,0.6456667184829712
0,40677396480.0,10169,0.8281151056289673
0,40797388800.0,10199,0.7182388305664062
0,40917381120.0,10229,0.8626149892807007
0,41037373440.0,10259,0.8416650295257568
0,41157365760.0,10289,0.8251519799232483
0,41277358080.0,10319,0.7188990712165833
0,41397350400.0,10349,0.7452912330627441
0,41517342720.0,10379,0.7421404123306274
0,41637335040.0,10409,0.7641777396202087
0,41757327360.0,10439,0.5838685035705566
0,41877319680.0,10469,0.7909615635871887
0,41997312000.0,10499,0.6811479330062866
0,42117304320.0,10529,0.8356796503067017
0,42237296640.0,10559,0.7559541463851929
0,42357288960.0,10589,0.7381465435028076
0,42477281280.0,10619,0.713474452495575
0,42597273600.0,10649,0.6723968982696533
0,42717265920.0,10679,0.7517465353012085
0,42837258240.0,10709,0.7749159932136536
0,42957250560.0,10739,0.8905925154685974
0,43077242880.0,10769,0.929520845413208
0,43197235200.0,10799,0.78212571144104
0,43317227520.0,10829,0.6802448034286499
0,43437219840.0,10859,0.8270390033721924
0,43557212160.0,10889,0.8227875232696533
0,43677204480.0,10919,0.8214277029037476
0,43797196800.0,10949,0.7597798705101013
0,43917189120.0,10979,0.7235368490219116
0,44037181440.0,11009,0.7988660931587219
0,44157173760.0,11039,0.8051280975341797
0,44277166080.0,11069,0.7235991954803467
0,44397158400.0,11099,0.7645897269248962
0,44517150720.0,11129,0.8305001258850098
0,44637143040.0,11159,0.7938809394836426
0,44757135360.0,11189,0.9087082743644714
0,44877127680.0,11219,0.7569661140441895
0,44997120000.0,11249,0.9070916175842285
0,45117112320.0,11279,0.6913033723831177
0,45237104640.0,11309,0.731261670589447
0,45357096960.0,11339,0.735509991645813
0,45477089280.0,11369,0.6802511215209961
0,45597081600.0,11399,0.8234239816665649
0,45717073920.0,11429,0.644082248210907
0,45837066240.0,11459,0.8598554730415344
0,45957058560.0,11489,0.7407047152519226
0,46077050880.0,11519,0.6649712324142456
0,46197043200.0,11549,0.7616715431213379
0,46317035520.0,11579,0.7560795545578003
0,46437027840.0,11609,0.7051979303359985
0,46557020160.0,11639,0.6626877784729004
0,46677012480.0,11669,0.7277721166610718
0,46797004800.0,11699,0.7150404453277588
0,46916997120.0,11729,0.760035514831543
0,47036989440.0,11759,0.7765744924545288
0,47156981760.0,11789,0.7333815097808838
0,47276974080.0,11819,0.8811355829238892
0,47396966400.0,11849,0.7446491122245789
0,47516958720.0,11879,0.8222556114196777
0,47636951040.0,11909,0.8083133697509766
0,47756943360.0,11939,0.8107199668884277
0,47876935680.0,11969,0.6513166427612305
0,47996928000.0,11999,0.7696386575698853
0,48116920320.0,12029,0.7841479778289795
0,48236912640.0,12059,0.821204662322998
0,48356904960.0,12089,0.8999032974243164
0,48476897280.0,12119,0.7163660526275635
0,48596889600.0,12149,0.6703932881355286
0,48716881920.0,12179,0.8746507167816162
0,48836874240.0,12209,0.8373605608940125
0,48956866560.0,12239,0.848391056060791
0,49076858880.0,12269,0.7991056442260742
0,49196851200.0,12299,0.7773123383522034
0,49316843520.0,12329,0.729102611541748
0,49436835840.0,12359,0.6591484546661377
0,49556828160.0,12389,0.7238624095916748
0,49676820480.0,12419,0.7194381952285767
0,49796812800.0,12449,0.9067596197128296
0,49916805120.0,12479,0.7656646966934204
0,50036797440.0,12509,0.7242156267166138
0,50156789760.0,12539,0.854244589805603
0,50276782080.0,12569,0.9977753758430481
0,50396774400.0,12599,0.7516523003578186
0,50516766720.0,12629,0.7517244815826416
0,50636759040.0,12659,0.812168538570404
0,50756751360.0,12689,0.7529818415641785
0,50876743680.0,12719,0.655383288860321
0,50996736000.0,12749,0.8112617135047913
0,51116728320.0,12779,0.642497181892395
0,51236720640.0,12809,0.6562409400939941
0,51356712960.0,12839,0.788792610168457
0,51476705280.0,12869,0.5810030698776245
0,51596697600.0,12899,1.107085108757019
0,51716689920.0,12929,0.8622828722000122
0,51836682240.0,12959,0.808026134967804
0,51956674560.0,12989,0.715965986251831
0,52076666880.0,13019,0.7061103582382202
0,52196659200.0,13049,0.7820706963539124
0,52316651520.0,13079,0.7101302742958069
0,52436643840.0,13109,0.8835862874984741
0,52556636160.0,13139,0.7523788213729858
0,52676628480.0,13169,0.7810264825820923
0,52796620800.0,13199,0.7569653987884521
0,52916613120.0,13229,0.7188184261322021
0,53036605440.0,13259,0.7511255145072937
0,53156597760.0,13289,0.7504834532737732
0,53276590080.0,13319,0.8071316480636597
0,53396582400.0,13349,0.8505584597587585
0,53516574720.0,13379,0.7301011681556702
0,53636567040.0,13409,0.7330994009971619
0,53756559360.0,13439,0.8552103638648987
0,53876551680.0,13469,0.7895230054855347
0,53996544000.0,13499,0.8475554585456848
0,54116536320.0,13529,0.8650153279304504
0,54236528640.0,13559,0.7778269648551941
0,54356520960.0,13589,0.9941726922988892
0,54476513280.0,13619,0.5956743359565735
0,54596505600.0,13649,0.7800846099853516
0,54716497920.0,13679,0.820910632610321
0,54836490240.0,13709,0.7548641562461853
0,54956482560.0,13739,0.60411536693573
0,55076474880.0,13769,0.7220824956893921
0,55196467200.0,13799,0.9564521908760071
0,55316459520.0,13829,0.7664669156074524
0,55436451840.0,13859,0.7367594242095947
0,55556444160.0,13889,0.7443028688430786
0,55676436480.0,13919,0.6818761229515076
0,55796428800.0,13949,0.7618538737297058
0,55916421120.0,13979,0.8057934641838074
0,56036413440.0,14009,0.7321481108665466
0,56156405760.0,14039,0.8024643659591675
0,56276398080.0,14069,0.7587466835975647
0,56396390400.0,14099,0.6887867450714111
0,56516382720.0,14129,0.7986111640930176
0,56636375040.0,14159,0.7248226404190063
0,56756367360.0,14189,0.8190390467643738
0,56876359680.0,14219,0.7212702631950378
0,56996352000.0,14249,0.8859654068946838
0,57116344320.0,14279,0.7241466045379639
0,57236336640.0,14309,0.7610507607460022
0,57356328960.0,14339,0.7501125931739807
0,57476321280.0,14369,0.7013030052185059
0,57596313600.0,14399,0.7528316974639893
0,57716305920.0,14429,0.8396574854850769
0,57836298240.0,14459,0.8131591081619263
0,57956290560.0,14489,0.882026195526123
0,58076282880.0,14519,0.8573602437973022
0,58196275200.0,14549,0.6251875758171082
0,58316267520.0,14579,0.7512369155883789
0,58436259840.0,14609,0.6226271390914917
0,58556252160.0,14639,0.7173956036567688
0,58676244480.0,14669,0.7310667037963867
0,58796236800.0,14699,0.8149937987327576
0,58916229120.0,14729,0.7402597069740295
0,59036221440.0,14759,0.7960789799690247
0,59156213760.0,14789,0.7669042348861694
0,59276206080.0,14819,0.8793317079544067
0,59396198400.0,14849,0.8315876126289368
0,59516190720.0,14879,0.7305324673652649
0,59636183040.0,14909,0.7002565264701843
0,59756175360.0,14939,0.756015419960022
0,59876167680.0,14969,0.8122292757034302
0,59996160000.0,14999,0.7937014102935791
0,60116152320.0,15029,0.7895799875259399
0,60236144640.0,15059,0.7826676964759827
0,60356136960.0,15089,0.9475810527801514
0,60476129280.0,15119,0.5962993502616882
0,60596121600.0,15149,0.7627844214439392
0,60716113920.0,15179,0.7240719199180603
0,60836106240.0,15209,0.810425877571106
0,60956098560.0,15239,0.7329822778701782
0,61076090880.0,15269,0.7922605276107788
0,61196083200.0,15299,0.7253315448760986
0,61316075520.0,15329,0.9548343420028687
0,61436067840.0,15359,0.8434851765632629
0,61556060160.0,15389,0.7352242469787598
0,61676052480.0,15419,0.801272988319397
0,61796044800.0,15449,0.8335946798324585
0,61916037120.0,15479,0.7604124546051025
0,62036029440.0,15509,0.8325589895248413
0,62156021760.0,15539,0.77549147605896
0,62276014080.0,15569,0.7852538228034973
0,62396006400.0,15599,0.855941116809845
0,62515998720.0,15629,0.993854284286499
0,62635991040.0,15659,0.7836782932281494
0,62755983360.0,15689,0.6614920496940613
0,62875975680.0,15719,0.8322626352310181
0,62995968000.0,15749,0.9025343656539917
0,63115960320.0,15779,0.765476405620575
0,63235952640.0,15809,0.8618577718734741
0,63355944960.0,15839,0.8602080345153809
0,63475937280.0,15869,0.8048064708709717
0,63595929600.0,15899,0.9138818979263306
0,63715921920.0,15929,0.7989038228988647
0,63835914240.0,15959,0.762990415096283
0,63955906560.0,15989,0.7928998470306396
0,64075898880.0,16019,0.7049094438552856
0,64195891200.0,16049,0.8552361726760864
0,64315883520.0,16079,0.7621407508850098
0,64435875840.0,16109,0.8625074028968811
0,64555868160.0,16139,0.8694959282875061
0,64675860480.0,16169,0.5692529082298279
0,64795852800.0,16199,0.6578218936920166
0,64915845120.0,16229,0.7852416038513184
0,65035837440.0,16259,0.8355104327201843
0,65155829760.0,16289,0.7553322911262512
0,65275822080.0,16319,0.7824267745018005
0,65395814400.0,16349,0.7496846914291382
0,65515806720.0,16379,0.7811676859855652
0,65635799040.0,16409,0.7289987206459045
0,65755791360.0,16439,0.9546259045600891
0,65875783680.0,16469,0.8339246511459351
0,65995776000.0,16499,0.7368178367614746
0,66115768320.0,16529,0.7876693606376648
0,66235760640.0,16559,0.7729288935661316
0,66355752960.0,16589,0.7524968981742859
0,66475745280.0,16619,0.9733058214187622
0,66595737600.0,16649,0.8912965655326843
0,66715729920.0,16679,0.7230237722396851
0,66835722240.0,16709,0.7317000031471252
0,66955714560.0,16739,0.794148325920105
0,67075706880.0,16769,0.6799455881118774
0,67195699200.0,16799,0.7948384284973145
0,67315691520.0,16829,0.7504853010177612
0,67435683840.0,16859,0.7913731336593628
0,67555676160.0,16889,0.6436920166015625
0,67675668480.0,16919,0.7041924595832825
0,67795660800.0,16949,0.8154709339141846
0,67915653120.0,16979,0.7983555793762207
0,68035645440.0,17009,0.7397012710571289
0,68155637760.0,17039,0.7785756587982178
0,68275630080.0,17069,0.7713944315910339
0,68395622400.0,17099,0.8225324749946594
0,68515614720.0,17129,0.7395492792129517
0,68635607040.0,17159,0.697546124458313
0,68755603456.0,17189,0.7753587961196899
0,68875591680.0,17219,0.8373569846153259
0,68995579904.0,17249,0.8153762817382812
0,69115576320.0,17279,0.8443020582199097
0,69235572736.0,17309,0.6987161636352539
0,69355560960.0,17339,0.7261350154876709
0,69475549184.0,17369,0.7437775135040283
0,69595545600.0,17399,0.7692146897315979
0,69715542016.0,17429,0.8278932571411133
0,69835530240.0,17459,0.716592013835907
0,69955518464.0,17489,0.8244526982307434
0,70075514880.0,17519,0.708651602268219
0,70195511296.0,17549,0.750756561756134
0,70315499520.0,17579,0.7870268821716309
0,70435487744.0,17609,0.7546780705451965
0,70555484160.0,17639,0.7250281572341919
0,70675480576.0,17669,0.8716710805892944
0,70795468800.0,17699,0.7132412195205688
0,70915457024.0,17729,0.8502402305603027
0,71035453440.0,17759,0.6974709033966064
0,71155449856.0,17789,0.7025812268257141
0,71275438080.0,17819,0.6990936994552612
0,71395426304.0,17849,0.7378591299057007
0,71515422720.0,17879,0.7672732472419739
0,71635419136.0,17909,0.8174647092819214
0,71755407360.0,17939,0.7681070566177368
0,71875395584.0,17969,0.794541597366333
0,71995392000.0,17999,0.6632633209228516
0,72115388416.0,18029,0.7862879037857056
0,72235376640.0,18059,0.6074761152267456
0,72355364864.0,18089,0.7554125189781189
0,72475361280.0,18119,0.7263393402099609
0,72595357696.0,18149,0.7122235298156738
0,72715345920.0,18179,0.874313235282898
0,72835334144.0,18209,0.8882625102996826
0,72955330560.0,18239,0.7021574974060059
0,73075326976.0,18269,0.7797962427139282
0,73195315200.0,18299,0.8896932601928711
0,73315303424.0,18329,0.8127881288528442
0,73435299840.0,18359,0.7894178032875061
0,73555296256.0,18389,0.690983772277832
0,73675284480.0,18419,0.8566153049468994
0,73795272704.0,18449,0.9635909795761108
0,73915269120.0,18479,0.7362635135650635
0,74035265536.0,18509,0.8298794031143188
0,74155253760.0,18539,0.7820753455162048
0,74275241984.0,18569,0.8092898726463318
0,74395238400.0,18599,0.824856162071228
0,74515234816.0,18629,0.7017509937286377
0,74635223040.0,18659,0.6146897077560425
0,74755211264.0,18689,0.7620272040367126
0,74875207680.0,18719,0.7067902088165283
0,74995204096.0,18749,0.9327254295349121
0,75115192320.0,18779,0.8678090572357178
0,75235180544.0,18809,0.762962818145752
0,75355176960.0,18839,0.8222207427024841
0,75475173376.0,18869,0.784949541091919
0,75595161600.0,18899,0.7230702638626099
0,75715149824.0,18929,0.7065454721450806
0,75835146240.0,18959,0.9025231003761292
0,75955142656.0,18989,0.6739435791969299
0,76075130880.0,19019,0.765831708908081
0,76195119104.0,19049,0.6735421419143677
0,76315115520.0,19079,0.8430250883102417
0,76435111936.0,19109,0.8974283933639526
0,76555100160.0,19139,0.8509005904197693
0,76675088384.0,19169,0.951014518737793
0,76795084800.0,19199,0.711203932762146
0,76915081216.0,19229,0.7990130186080933
0,77035069440.0,19259,0.7852886319160461
0,77155057664.0,19289,0.7270025014877319
0,77275054080.0,19319,0.6992192268371582
0,77395050496.0,19349,0.5785742402076721
0,77515038720.0,19379,0.8657286763191223
0,77635026944.0,19409,0.7399194836616516
0,77755023360.0,19439,0.7450698614120483
0,77875019776.0,19469,0.878878116607666
0,77995008000.0,19499,0.8284220099449158
0,78114996224.0,19529,0.6907933950424194
0,78234992640.0,19559,0.7088789939880371
0,78354989056.0,19589,0.8571263551712036
0,78474977280.0,19619,0.8885270953178406
0,78594965504.0,19649,0.7010050415992737
0,78714961920.0,19679,0.7237168550491333
0,78834958336.0,19709,0.8596058487892151
0,78954946560.0,19739,0.7693893909454346
0,79074934784.0,19769,0.6873635053634644
0,79194931200.0,19799,0.7469205856323242
0,79314927616.0,19829,0.8655816316604614
0,79434915840.0,19859,0.6492911577224731
0,79554904064.0,19889,0.6975241899490356
0,79674900480.0,19919,0.8913227319717407
0,79794896896.0,19949,0.6849826574325562
0,79914885120.0,19979,0.8174248933792114
0,80034873344.0,20009,0.8490973114967346
0,80154869760.0,20039,0.7834920883178711
0,80274866176.0,20069,0.7727933526039124
0,80394854400.0,20099,0.8073887228965759
0,80514842624.0,20129,0.7782831192016602
0,80634839040.0,20159,0.8194196224212646
0,80754835456.0,20189,0.7704341411590576
0,80874823680.0,20219,0.7670574188232422
0,80994811904.0,20249,0.7447922229766846
0,81114808320.0,20279,0.7467319965362549
0,81234804736.0,20309,0.7432886362075806
0,81354792960.0,20339,0.8009850382804871
0,81474781184.0,20369,0.833121120929718
0,81594777600.0,20399,0.7088184952735901
0,81714774016.0,20429,0.7197781801223755
0,81834762240.0,20459,0.8773424029350281
0,81954750464.0,20489,0.7207275629043579
0,82074746880.0,20519,0.8107501864433289
0,82194743296.0,20549,0.6838234066963196
0,82314731520.0,20579,0.6631448268890381
0,82434719744.0,20609,0.7077943682670593
0,82554716160.0,20639,0.7144514918327332
0,82674712576.0,20669,0.8355275988578796
0,82794700800.0,20699,0.7012271881103516
0,82914689024.0,20729,0.8362903594970703
0,83034685440.0,20759,0.8279774188995361
0,83154681856.0,20789,0.7734254002571106
0,83274670080.0,20819,0.9637243151664734
0,83394658304.0,20849,0.651439368724823
0,83514654720.0,20879,0.8923702836036682
0,83634651136.0,20909,0.8373239636421204
0,83754639360.0,20939,0.8312537670135498
0,83874627584.0,20969,0.9319241642951965
0,83994624000.0,20999,0.8594825267791748
0,84114620416.0,21029,0.7878937721252441
0,84234608640.0,21059,0.8779360055923462
0,84354596864.0,21089,0.978119969367981
0,84474593280.0,21119,0.7515167593955994
0,84594589696.0,21149,0.8690913915634155
0,84714577920.0,21179,0.9112829566001892
0,84834566144.0,21209,0.7212465405464172
0,84954562560.0,21239,0.7660468220710754
0,85074558976.0,21269,0.7128520607948303
0,85194547200.0,21299,0.6781497001647949
0,85314535424.0,21329,0.618607223033905
0,85434531840.0,21359,0.7330920696258545
0,85554528256.0,21389,0.8543514013290405
0,85674516480.0,21419,0.7797542810440063
0,85794504704.0,21449,0.8530606031417847
0,85914501120.0,21479,0.7163006067276001
0,86034497536.0,21509,0.8292955756187439
0,86154485760.0,21539,0.8027541637420654
0,86274473984.0,21569,0.6933541893959045
0,86394470400.0,21599,0.7700331211090088
0,86514466816.0,21629,0.7872182726860046
0,86634455040.0,21659,0.7426648139953613
0,86754443264.0,21689,0.7913080453872681
0,86874439680.0,21719,0.8158026933670044
0,86994436096.0,21749,0.7191771268844604
0,87114424320.0,21779,0.7150264382362366
0,87234412544.0,21809,0.7715324759483337
0,87354408960.0,21839,0.8836145401000977
0,87474405376.0,21869,0.9050961136817932
0,87594393600.0,21899,0.7722437977790833
0,87714381824.0,21929,0.7525128722190857
0,87834378240.0,21959,0.7792046666145325
0,87954374656.0,21989,0.7196497321128845
0,88074362880.0,22019,0.8165637850761414
0,88194351104.0,22049,0.7475731372833252
0,88314347520.0,22079,0.8829218745231628
0,88434343936.0,22109,0.8590914607048035
0,88554332160.0,22139,0.7455052137374878
0,88674320384.0,22169,0.7656707763671875
0,88794316800.0,22199,0.7528119087219238
0,88914313216.0,22229,0.8469681739807129
0,89034301440.0,22259,0.6313969492912292
0,89154289664.0,22289,0.9407504200935364
0,89274286080.0,22319,0.7838087677955627
0,89394282496.0,22349,0.8062242269515991
0,89514270720.0,22379,0.6704385280609131
0,89634258944.0,22409,0.8412591218948364
0,89754255360.0,22439,0.7935113310813904
0,89874251776.0,22469,0.8097474575042725
0,89994240000.0,22499,0.7619404792785645
0,90114228224.0,22529,0.7930475473403931
0,90234224640.0,22559,0.786432683467865
0,90354221056.0,22589,0.7527092695236206
0,90474209280.0,22619,0.83669513463974
0,90594197504.0,22649,0.8250864744186401
0,90714193920.0,22679,0.879298210144043
0,90834190336.0,22709,0.7812190055847168
0,90954178560.0,22739,0.69181889295578
0,91074166784.0,22769,0.7152997851371765
0,91194163200.0,22799,0.7199152708053589
0,91314159616.0,22829,0.780918538570404
0,91434147840.0,22859,0.8614994287490845
0,91554136064.0,22889,0.7319971323013306
0,91674132480.0,22919,0.8054341673851013
0,91794128896.0,22949,0.6923969388008118
0,91914117120.0,22979,0.7530564069747925
0,92034105344.0,23009,0.7483058571815491
0,92154101760.0,23039,0.8151001930236816
0,92274098176.0,23069,0.9288457632064819
0,92394086400.0,23099,0.8015812635421753
0,92514074624.0,23129,0.7823290228843689
0,92634071040.0,23159,0.6437257528305054
0,92754067456.0,23189,0.699347734451294
0,92874055680.0,23219,0.7800925970077515
0,92994043904.0,23249,0.7961201667785645
0,93114040320.0,23279,0.853619396686554
0,93234036736.0,23309,0.7199938297271729
0,93354024960.0,23339,0.6744421124458313
0,93474013184.0,23369,0.7370626330375671
0,93594009600.0,23399,0.5608222484588623
0,93714006016.0,23429,0.7341980934143066
0,93833994240.0,23459,0.823022723197937
0,93953982464.0,23489,0.7233269214630127
0,94073978880.0,23519,0.7424434423446655
0,94193975296.0,23549,0.8561787009239197
0,94313963520.0,23579,0.7476162314414978
0,94433951744.0,23609,0.6961920857429504
0,94553948160.0,23639,0.8463922739028931
0,94673944576.0,23669,0.7199175357818604
0,94793932800.0,23699,0.8361935615539551
0,94913921024.0,23729,0.7877262830734253
0,95033917440.0,23759,0.8597776293754578
0,95153913856.0,23789,0.6906107664108276
0,95273902080.0,23819,0.789378821849823
0,95393890304.0,23849,0.7581872940063477
0,95513886720.0,23879,0.737285315990448
0,95633883136.0,23909,0.788605809211731
0,95753871360.0,23939,0.8325502872467041
0,95873859584.0,23969,0.7726929187774658
0,95993856000.0,23999,0.8626386523246765
0,96113852416.0,24029,0.949211597442627
0,96233840640.0,24059,0.7187072038650513
0,96353828864.0,24089,0.841464638710022
0,96473825280.0,24119,0.6829493045806885
0,96593821696.0,24149,0.7036494016647339
0,96713809920.0,24179,0.7184314131736755
0,96833798144.0,24209,0.6769346594810486
0,96953794560.0,24239,0.9130672216415405
0,97073790976.0,24269,0.7344391345977783
0,97193779200.0,24299,0.826309323310852
0,97313767424.0,24329,0.7985777258872986
0,97433763840.0,24359,0.6692723035812378
0,97553760256.0,24389,0.725212812423706
0,97673748480.0,24419,0.7308117151260376
0,97793736704.0,24449,0.8500439524650574
0,97913733120.0,24479,0.7145680785179138
0,98033729536.0,24509,0.8520901799201965
0,98153717760.0,24539,0.7565035820007324
0,98273705984.0,24569,0.8405226469039917
0,98393702400.0,24599,0.8139246106147766
0,98513698816.0,24629,0.8272743821144104
0,98633687040.0,24659,0.7514308094978333
0,98753675264.0,24689,0.6512383222579956
0,98873671680.0,24719,0.7886148691177368
0,98993668096.0,24749,0.6941969394683838
0,99113656320.0,24779,0.8113723993301392
0,99233644544.0,24809,0.7694523334503174
0,99353640960.0,24839,0.7959677577018738
0,99473637376.0,24869,0.7471963763237
0,99593625600.0,24899,0.7492766380310059
0,99713613824.0,24929,0.9143153429031372
0,99833610240.0,24959,0.800409197807312
0,99953606656.0,24989,0.769763708114624
0,100073594880.0,25019,0.7388298511505127
0,100193583104.0,25049,0.9311869740486145
0,100313579520.0,25079,0.7601827383041382
0,100433575936.0,25109,0.7575583457946777
0,100553564160.0,25139,0.8025680780410767
0,100673552384.0,25169,0.6643656492233276
0,100793548800.0,25199,0.7272657752037048
0,100913545216.0,25229,0.824175238609314
0,101033533440.0,25259,0.8396568298339844
0,101153521664.0,25289,0.8593980073928833
0,101273518080.0,25319,0.7842069864273071
0,101393514496.0,25349,0.7293573617935181
0,101513502720.0,25379,0.769681453704834
0,101633490944.0,25409,0.6099675893783569
0,101753487360.0,25439,0.747993528842926
0,101873483776.0,25469,0.6248860359191895
0,101993472000.0,25499,0.6399803161621094
0,102113460224.0,25529,0.8353043794631958
0,102233456640.0,25559,0.7123625874519348
0,102353453056.0,25589,0.8160736560821533
0,102473441280.0,25619,0.7787790298461914
0,102593429504.0,25649,0.7149827480316162
0,102713425920.0,25679,0.8386020064353943
0,102833422336.0,25709,0.7377933263778687
0,102953410560.0,25739,0.7660438418388367
0,103073398784.0,25769,0.7440489530563354
0,103193395200.0,25799,0.9063532948493958
0,103313391616.0,25829,0.8492181897163391
0,103433379840.0,25859,0.8864821195602417
0,103553368064.0,25889,0.7798683643341064
0,103673364480.0,25919,0.8448678851127625
0,103793360896.0,25949,0.6907739043235779
0,103913349120.0,25979,0.8151718378067017
0,104033337344.0,26009,0.7292464375495911
0,104153333760.0,26039,0.8012449145317078
0,104273330176.0,26069,0.7043860554695129
0,104393318400.0,26099,0.9509527683258057
0,104513306624.0,26129,0.7693064212799072
0,104633303040.0,26159,0.8035641312599182
0,104753299456.0,26189,0.837992250919342
0,104873287680.0,26219,0.8222557902336121
0,104993275904.0,26249,0.8338011503219604
0,105113272320.0,26279,0.738807201385498
0,105233268736.0,26309,0.6543726921081543
0,105353256960.0,26339,0.8102419972419739
0,105473245184.0,26369,0.8741452693939209
0,105593241600.0,26399,0.8276855945587158
0,105713238016.0,26429,0.7880491018295288
0,105833226240.0,26459,0.8922133445739746
0,105953214464.0,26489,0.7266162633895874
0,106073210880.0,26519,0.546984076499939
0,106193207296.0,26549,0.7069958448410034
0,106313195520.0,26579,0.7695642709732056
0,106433183744.0,26609,0.7778863906860352
0,106553180160.0,26639,0.7787920832633972
0,106673176576.0,26669,0.8161945939064026
0,106793164800.0,26699,0.7385951280593872
0,106913153024.0,26729,0.6709351539611816
0,107033149440.0,26759,0.7788101434707642
0,107153145856.0,26789,0.7905324697494507
0,107273134080.0,26819,0.8868827223777771
0,107393122304.0,26849,0.7952765226364136
0,107513118720.0,26879,0.7595205903053284
0,107633115136.0,26909,0.8198326230049133
0,107753103360.0,26939,0.7678060531616211
0,107873091584.0,26969,0.7913979291915894
0,107993088000.0,26999,0.7170851230621338
0,108113084416.0,27029,0.7836841940879822
0,108233072640.0,27059,0.795682966709137
0,108353060864.0,27089,0.6879445910453796
0,108473057280.0,27119,0.6948673725128174
0,108593053696.0,27149,0.7001892328262329
0,108713041920.0,27179,0.9284398555755615
0,108833030144.0,27209,0.746841549873352
0,108953026560.0,27239,0.8596916794776917
0,109073022976.0,27269,0.7890526652336121
0,109193011200.0,27299,0.6012048721313477
0,109312999424.0,27329,0.7124616503715515
0,109432995840.0,27359,0.8668292760848999
0,109552992256.0,27389,0.7766444683074951
0,109672980480.0,27419,0.7988970279693604
0,109792968704.0,27449,0.7608559727668762
0,109912965120.0,27479,0.8447647094726562
0,110032961536.0,27509,0.8353551626205444
0,110152949760.0,27539,0.7273813486099243
0,110272937984.0,27569,0.6758372783660889
0,110392934400.0,27599,0.7847378253936768
0,110512930816.0,27629,0.7879297137260437
0,110632919040.0,27659,0.6636558771133423
0,110752907264.0,27689,0.6986796855926514
0,110872903680.0,27719,0.783103346824646
0,110992900096.0,27749,0.7750034332275391
0,111112888320.0,27779,0.7191818356513977
0,111232876544.0,27809,0.8201563358306885
0,111352872960.0,27839,0.6463601589202881
0,111472869376.0,27869,0.7614943981170654
0,111592857600.0,27899,0.934044599533081
0,111712845824.0,27929,0.8303467035293579
0,111832842240.0,27959,0.7563344240188599
0,111952838656.0,27989,0.8735986948013306
0,112072826880.0,28019,0.835207998752594
0,112192815104.0,28049,0.8800482749938965
0,112312811520.0,28079,0.7584145665168762
0,112432807936.0,28109,0.7987264394760132
0,112552796160.0,28139,0.8197195529937744
0,112672784384.0,28169,0.8510838747024536
0,112792780800.0,28199,0.8138459920883179
0,112912777216.0,28229,0.927857518196106
0,113032765440.0,28259,0.751083254814148
0,113152753664.0,28289,0.6467084884643555
0,113272750080.0,28319,0.6658426523208618
0,113392746496.0,28349,0.7556115388870239
0,113512734720.0,28379,0.7059310674667358
0,113632722944.0,28409,0.7549084424972534
0,113752719360.0,28439,0.644851803779602
0,113872715776.0,28469,0.6329218149185181
0,113992704000.0,28499,0.6789857149124146
0,114112692224.0,28529,0.6668397784233093
0,114232688640.0,28559,0.8491062521934509
0,114352685056.0,28589,0.8468923568725586
0,114472673280.0,28619,0.7896369099617004
0,114592661504.0,28649,0.719395101070404
0,114712657920.0,28679,0.7749124765396118
0,114832654336.0,28709,0.8181455731391907
0,114952642560.0,28739,0.7393684387207031
0,115072630784.0,28769,0.8388524055480957
0,115192627200.0,28799,0.8818302154541016
0,115312623616.0,28829,0.6425816416740417
0,115432611840.0,28859,0.8021605610847473
0,115552600064.0,28889,0.8465272784233093
0,115672596480.0,28919,0.7920690178871155
0,115792592896.0,28949,0.827556312084198
0,115912581120.0,28979,0.6537113189697266
0,116032569344.0,29009,0.6400359272956848
0,116152565760.0,29039,0.8040014505386353
0,116272562176.0,29069,0.6811157464981079
0,116392550400.0,29099,0.8010241985321045
0,116512538624.0,29129,0.7346161603927612
0,116632535040.0,29159,0.7936900854110718
0,116752531456.0,29189,0.7800216674804688
0,116872519680.0,29219,0.7284901142120361
0,116992507904.0,29249,0.8304362297058105
0,117112504320.0,29279,0.8442593812942505
0,117232500736.0,29309,0.7069715857505798
0,117352488960.0,29339,0.8012452125549316
0,117472477184.0,29369,0.8131243586540222
0,117592473600.0,29399,0.7741003036499023
0,117712470016.0,29429,0.7889717817306519
0,117832458240.0,29459,0.7892834544181824
0,117952446464.0,29489,0.7787010669708252
0,118072442880.0,29519,0.7669644355773926
0,118192439296.0,29549,0.8016467094421387
0,118312427520.0,29579,0.8214207291603088
0,118432415744.0,29609,0.6819342970848083
0,118552412160.0,29639,0.7786898612976074
0,118672408576.0,29669,0.7658284902572632
0,118792396800.0,29699,0.7436533570289612
0,118912385024.0,29729,0.8291380405426025
0,119032381440.0,29759,0.7623447179794312
0,119152377856.0,29789,0.8919681310653687
0,119272366080.0,29819,0.9430733323097229
0,119392354304.0,29849,0.9250144362449646
0,119512350720.0,29879,0.8033277988433838
0,119632347136.0,29909,0.6544878482818604
0,119752335360.0,29939,0.6344127655029297
0,119872323584.0,29969,0.8357492685317993
0,119992320000.0,29999,0.8247770667076111
