epoch,flops,step,train_value_accuracy,train_value_loss
0,4037120.0,9,0.875,0.8610045909881592
0,8074240.0,19,0.78125,0.9128732681274414
0,12111360.0,29,0.71875,0.9489718675613403
0,16148480.0,39,0.6875,1.0526572465896606
0,20185600.0,49,0.8125,0.9333748817443848
0,24222720.0,59,0.625,1.00053071975708
0,28259840.0,69,0.6875,0.963486909866333
0,32296960.0,79,0.8125,0.9241735935211182
0,36334080.0,89,0.65625,1.0286548137664795
0,40371200.0,99,0.84375,0.877774715423584
0,44408320.0,109,0.71875,0.9488556385040283
0,48445440.0,119,0.8125,0.9088701605796814
0,52482560.0,129,0.78125,0.8770326375961304
0,56519680.0,139,0.65625,1.0032600164413452
0,60556800.0,149,0.875,0.8301506042480469
0,64593920.0,159,0.8125,0.9304190278053284
0,68631040.0,169,0.65625,1.0199389457702637
0,72668160.0,179,0.8125,0.9639666080474854
0,76705280.0,189,0.8125,0.875687301158905
0,80742400.0,199,0.78125,0.9227079749107361
0,84779520.0,209,0.75,0.9844034910202026
0,88816640.0,219,0.8125,0.9033627510070801
0,92853760.0,229,0.78125,0.9303257465362549
0,96890880.0,239,0.71875,1.0246303081512451
0,100928000.0,249,0.71875,0.9138603210449219
0,104965120.0,259,0.65625,0.9782254695892334
0,109002240.0,269,0.8125,0.8404746055603027
0,113039360.0,279,0.875,0.8696808815002441
0,117076480.0,289,0.78125,0.8875808715820312
0,121113600.0,299,0.78125,0.9109023809432983
0,125150720.0,309,0.75,0.952399730682373
0,129187840.0,319,0.75,0.9373117685317993
0,133224960.0,329,0.6875,0.9310592412948608
0,137262080.0,339,0.84375,0.8818851709365845
0,141299200.0,349,0.6875,0.9988296627998352
0,145336320.0,359,0.75,1.0163377523422241
0,149373440.0,369,0.625,0.9726648926734924
0,153410560.0,379,0.71875,0.9170709848403931
0,157447680.0,389,0.71875,0.928352952003479
0,161484800.0,399,0.78125,0.9828985929489136
0,165521920.0,409,0.78125,0.9288184642791748
0,169559040.0,419,0.78125,0.9480761289596558
0,173596160.0,429,0.84375,0.9378760457038879
0,177633280.0,439,0.625,1.0440139770507812
0,181670400.0,449,0.78125,0.9329210519790649
0,185707520.0,459,0.6875,1.0457559823989868
0,189744640.0,469,0.8125,0.9315077066421509
0,193781760.0,479,0.71875,0.9639489054679871
0,197818880.0,489,0.6875,0.91082763671875
0,201856000.0,499,0.78125,0.8933963179588318
0,205893120.0,509,0.5625,0.9802069664001465
0,209930240.0,519,0.84375,0.9416385889053345
0,213967360.0,529,0.71875,0.9915889501571655
0,218004480.0,539,0.875,0.8833305239677429
0,222041600.0,549,0.78125,0.9669045805931091
0,226078720.0,559,0.78125,0.8375428915023804
0,230115840.0,569,0.78125,0.9546694159507751
0,234152960.0,579,0.65625,0.9749854207038879
0,238190080.0,589,0.8125,0.873130202293396
0,242227200.0,599,0.75,0.9703864455223083
0,246264320.0,609,0.6875,0.9669548869132996
0,250301440.0,619,0.6875,0.9685453176498413
0,254338560.0,629,0.6875,0.9753830432891846
0,258375680.0,639,0.78125,0.9079912304878235
0,262412800.0,649,0.78125,0.9008246064186096
0,266449920.0,659,0.71875,0.9040064811706543
0,270487040.0,669,0.78125,0.877236008644104
0,274524160.0,679,0.65625,0.9431315660476685
0,278561280.0,689,0.8125,0.8599039316177368
0,282598400.0,699,0.6875,1.0342466831207275
0,286635520.0,709,0.875,0.8201179504394531
0,290672640.0,719,0.875,0.9507592916488647
0,294709760.0,729,0.6875,0.913424551486969
0,298746880.0,739,0.625,1.0154733657836914
0,302784000.0,749,0.625,0.9762863516807556
0,306821120.0,759,0.6875,0.9642086029052734
0,310858240.0,769,0.71875,0.967473030090332
0,314895360.0,779,0.78125,0.9075007438659668
0,318932480.0,789,0.75,0.8438928723335266
0,322969600.0,799,0.8125,0.9126354455947876
0,327006720.0,809,0.625,0.9989097714424133
0,331043840.0,819,0.84375,0.9472501277923584
0,335080960.0,829,0.78125,0.8557047843933105
0,339118080.0,839,0.8125,0.9155082702636719
0,343155200.0,849,0.84375,0.8216062188148499
0,347192320.0,859,0.8125,0.8822091817855835
0,351229440.0,869,0.8125,0.8993935585021973
0,355266560.0,879,0.71875,0.9491084814071655
0,359303680.0,889,0.71875,0.9827420711517334
0,363340800.0,899,0.625,0.9108609557151794
0,367377920.0,909,0.78125,0.7968342304229736
0,371415040.0,919,0.65625,0.8756896257400513
0,375452160.0,929,0.6875,0.9721137881278992
0,379489280.0,939,0.6875,0.814498782157898
0,383526400.0,949,0.71875,0.9902819395065308
0,387563520.0,959,0.75,1.0679632425308228
0,391600640.0,969,0.78125,0.8560565114021301
0,395637760.0,979,0.84375,0.8887213468551636
0,399674880.0,989,0.84375,0.8746026754379272
0,403712000.0,999,0.6875,0.882266104221344
0,407749120.0,1009,0.71875,0.8834216594696045
0,411786240.0,1019,0.6875,0.9192115664482117
0,415823360.0,1029,0.75,0.8147426843643188
0,419860480.0,1039,0.5625,1.120854139328003
0,423897600.0,1049,0.8125,0.8729957342147827
0,427934720.0,1059,0.84375,0.8506613969802856
0,431971840.0,1069,0.8125,0.8352404832839966
0,436008960.0,1079,0.875,0.8534509539604187
0,440046080.0,1089,0.6875,0.9627364277839661
0,444083200.0,1099,0.84375,0.8546009063720703
0,448120320.0,1109,0.78125,0.89056396484375
0,452157440.0,1119,0.6875,0.8628032207489014
0,456194560.0,1129,0.6875,0.9166630506515503
0,460231680.0,1139,0.8125,0.9576349854469299
0,464268800.0,1149,0.71875,0.8218085765838623
0,468305920.0,1159,0.875,0.801286518573761
0,472343040.0,1169,0.75,0.8274332880973816
0,476380160.0,1179,0.6875,0.9849584102630615
0,480417280.0,1189,0.75,0.9011094570159912
0,484454400.0,1199,0.6875,0.9404381513595581
0,488491520.0,1209,0.71875,0.8928091526031494
0,492528640.0,1219,0.78125,0.8758408427238464
0,496565760.0,1229,0.875,0.8066577315330505
0,500602880.0,1239,0.78125,0.9020876884460449
0,504640000.0,1249,0.78125,0.9413084387779236
0,508677120.0,1259,0.71875,0.9186218976974487
0,512714240.0,1269,0.75,0.8793904781341553
0,516751360.0,1279,0.71875,0.9261283874511719
0,520788480.0,1289,0.78125,0.8229323625564575
0,524825600.0,1299,0.84375,0.8438621759414673
0,528862720.0,1309,0.78125,0.840372622013092
0,532899840.0,1319,0.84375,0.7814703583717346
0,536936960.0,1329,0.84375,0.8301194310188293
0,540974080.0,1339,0.84375,0.835427463054657
0,545011200.0,1349,0.75,0.8367722630500793
0,549048320.0,1359,0.71875,0.9551342725753784
0,553085440.0,1369,0.6875,0.9212581515312195
0,557122560.0,1379,0.78125,0.8854531645774841
0,561159680.0,1389,0.78125,0.8396707773208618
0,565196800.0,1399,0.78125,0.8429766297340393
0,569233920.0,1409,0.84375,0.793304979801178
0,573271040.0,1419,0.875,0.8113434314727783
0,577308160.0,1429,0.78125,0.84107506275177
0,581345280.0,1439,0.71875,0.9741855263710022
0,585382400.0,1449,0.6875,0.9103415608406067
0,589419520.0,1459,0.90625,0.7998473644256592
0,593456640.0,1469,0.8125,0.9082750678062439
0,597493760.0,1479,0.71875,0.9126002788543701
0,601530880.0,1489,0.6875,0.9229843616485596
0,605568000.0,1499,0.75,0.9344779253005981
0,609605120.0,1509,0.8125,0.7684838771820068
0,613642240.0,1519,0.71875,0.8790516257286072
0,617679360.0,1529,0.6875,0.958001971244812
0,621716480.0,1539,0.78125,0.9045774340629578
0,625753600.0,1549,0.875,0.8757498264312744
0,629790720.0,1559,0.78125,0.9054019451141357
0,633827840.0,1569,0.8125,0.8899719715118408
0,637864960.0,1579,0.71875,0.9044555425643921
0,641902080.0,1589,0.84375,0.8210512399673462
0,645939200.0,1599,0.71875,0.8902807235717773
0,649976320.0,1609,0.71875,1.002631425857544
0,654013440.0,1619,0.84375,0.7918975949287415
0,658050560.0,1629,0.9375,0.762434720993042
0,662087680.0,1639,0.84375,0.8104548454284668
0,666124800.0,1649,0.8125,0.8736165761947632
0,670161920.0,1659,0.78125,0.9509878158569336
0,674199040.0,1669,0.84375,0.8226763606071472
0,678236160.0,1679,0.75,0.9685689806938171
0,682273280.0,1689,0.78125,0.9124241471290588
0,686310400.0,1699,0.71875,0.9064327478408813
0,690347520.0,1709,0.71875,0.9362330436706543
0,694384640.0,1719,0.78125,0.9875960350036621
0,698421760.0,1729,0.875,0.8313377499580383
0,702458880.0,1739,0.6875,0.8493853807449341
0,706496000.0,1749,0.65625,0.91789710521698
0,710533120.0,1759,0.78125,0.8220731616020203
0,714570240.0,1769,0.875,0.7723199725151062
0,718607360.0,1779,0.71875,0.9062117338180542
0,722644480.0,1789,0.6875,0.9075930714607239
0,726681600.0,1799,0.8125,0.9585139751434326
0,730718720.0,1809,0.78125,0.899888277053833
0,734755840.0,1819,0.6875,0.8809292316436768
0,738792960.0,1829,0.71875,0.9696412086486816
0,742830080.0,1839,0.71875,0.8374801874160767
0,746867200.0,1849,0.59375,1.0112382173538208
0,750904320.0,1859,0.8125,0.8155617713928223
0,754941440.0,1869,0.90625,0.7653498649597168
0,758978560.0,1879,0.84375,0.8668758869171143
0,763015680.0,1889,0.75,0.9262518882751465
0,767052800.0,1899,0.6875,0.9016835689544678
0,771089920.0,1909,0.71875,0.8240648508071899
0,775127040.0,1919,0.875,0.8779312968254089
0,779164160.0,1929,0.78125,0.8851093053817749
0,783201280.0,1939,0.78125,0.8821001052856445
0,787238400.0,1949,0.6875,0.8782453536987305
0,791275520.0,1959,0.84375,0.8704097270965576
0,795312640.0,1969,0.84375,0.8680895566940308
0,799349760.0,1979,0.71875,0.8886354565620422
0,803386880.0,1989,0.8125,0.839388370513916
0,807424000.0,1999,0.75,0.9264543056488037
0,811461120.0,2009,0.6875,0.9475552439689636
0,815498240.0,2019,0.84375,0.8393232226371765
0,819535360.0,2029,0.71875,0.8371415138244629
0,823572480.0,2039,0.8125,0.8037064075469971
0,827609600.0,2049,0.84375,0.7913894057273865
0,831646720.0,2059,0.71875,0.9974664449691772
0,835683840.0,2069,0.65625,0.9255287647247314
0,839720960.0,2079,0.8125,0.8241734504699707
0,843758080.0,2089,0.65625,0.9423948526382446
0,847795200.0,2099,0.8125,0.8407683372497559
0,851832320.0,2109,0.71875,0.8902701735496521
0,855869440.0,2119,0.71875,0.8829700350761414
0,859906560.0,2129,0.78125,0.9783135056495667
0,863943680.0,2139,0.78125,0.9121617078781128
0,867980800.0,2149,0.84375,0.832329273223877
0,872017920.0,2159,0.875,0.8650290966033936
0,876055040.0,2169,0.71875,0.8432291746139526
0,880092160.0,2179,0.78125,0.8793954849243164
0,884129280.0,2189,0.75,0.8661247491836548
0,888166400.0,2199,0.90625,0.8359729647636414
0,892203520.0,2209,0.8125,0.8753854632377625
0,896240640.0,2219,0.875,0.7785980105400085
0,900277760.0,2229,0.90625,0.7074882388114929
0,904314880.0,2239,0.8125,0.8185073137283325
0,908352000.0,2249,0.65625,0.9155731201171875
0,912389120.0,2259,0.84375,0.8611977100372314
0,916426240.0,2269,0.875,0.8015064001083374
0,920463360.0,2279,0.6875,0.8815052509307861
0,924500480.0,2289,0.6875,0.9729078412055969
0,928537600.0,2299,0.6875,0.890993058681488
0,932574720.0,2309,0.6875,0.8761285543441772
0,936611840.0,2319,0.8125,0.8294780254364014
0,940648960.0,2329,0.8125,0.8194239139556885
0,944686080.0,2339,0.75,0.86725252866745
0,948723200.0,2349,0.84375,0.8193598985671997
0,952760320.0,2359,0.78125,0.8683870434761047
0,956797440.0,2369,0.875,0.8588694334030151
0,960834560.0,2379,0.75,0.7544653415679932
0,964871680.0,2389,0.90625,0.7475420832633972
0,968908800.0,2399,0.78125,0.8261393308639526
0,972945920.0,2409,0.78125,0.8899219632148743
0,976983040.0,2419,0.78125,0.8178594708442688
0,981020160.0,2429,0.625,0.851780116558075
0,985057280.0,2439,0.71875,0.933165967464447
0,989094400.0,2449,0.71875,0.8600390553474426
0,993131520.0,2459,0.78125,0.8258008360862732
0,997168640.0,2469,0.84375,0.8532586097717285
0,1001205760.0,2479,0.84375,0.8236362934112549
0,1005242880.0,2489,0.75,0.814197838306427
0,1009280000.0,2499,0.78125,0.837841808795929
0,1013317120.0,2509,0.65625,0.8330281376838684
0,1017354240.0,2519,0.78125,0.837276041507721
0,1021391360.0,2529,0.75,0.9072908759117126
0,1025428480.0,2539,0.90625,0.7363575100898743
0,1029465600.0,2549,0.78125,0.838557779788971
0,1033502720.0,2559,0.84375,0.7897756099700928
0,1037539840.0,2569,0.8125,0.7902712821960449
0,1041576960.0,2579,0.65625,0.9229286313056946
0,1045614080.0,2589,0.875,0.753258228302002
0,1049651200.0,2599,0.78125,0.8889356851577759
0,1053688320.0,2609,0.90625,0.7445990443229675
0,1057725440.0,2619,0.90625,0.8075332641601562
0,1061762560.0,2629,0.90625,0.7005838751792908
0,1065799680.0,2639,0.78125,0.9036448001861572
0,1069836800.0,2649,0.65625,0.928230881690979
0,1073873920.0,2659,0.59375,1.0633296966552734
0,1077911040.0,2669,0.8125,0.8942731618881226
0,1081948160.0,2679,0.78125,0.8176947236061096
0,1085985280.0,2689,0.84375,0.8520190715789795
0,1090022400.0,2699,0.78125,0.7804003953933716
0,1094059520.0,2709,0.78125,0.8556812405586243
0,1098096640.0,2719,0.78125,0.9249699115753174
0,1102133760.0,2729,0.71875,0.9693882465362549
0,1106170880.0,2739,0.84375,0.8193458318710327
0,1110208000.0,2749,0.84375,0.6866541504859924
0,1114245120.0,2759,0.78125,0.7766575813293457
0,1118282240.0,2769,0.6875,0.8991054892539978
0,1122319360.0,2779,0.75,0.844937801361084
0,1126356480.0,2789,0.8125,0.8518833518028259
0,1130393600.0,2799,0.75,0.8769670724868774
0,1134430720.0,2809,0.6875,0.9302405118942261
0,1138467840.0,2819,0.84375,0.8197841644287109
0,1142504960.0,2829,0.8125,0.8421610593795776
0,1146542080.0,2839,0.84375,0.7783417701721191
0,1150579200.0,2849,0.78125,0.7266964912414551
0,1154616320.0,2859,0.65625,0.9337039589881897
0,1158653440.0,2869,0.84375,0.8122760057449341
0,1162690560.0,2879,0.78125,0.7869918942451477
0,1166727680.0,2889,0.8125,0.8895066976547241
0,1170764800.0,2899,0.71875,0.815510630607605
0,1174801920.0,2909,0.8125,0.8335047960281372
0,1178839040.0,2919,0.8125,0.8616800308227539
0,1182876160.0,2929,0.75,0.9077478647232056
0,1186913280.0,2939,0.8125,0.8389137983322144
0,1190950400.0,2949,0.8125,0.8392146229743958
0,1194987520.0,2959,0.8125,0.7347313165664673
0,1199024640.0,2969,0.8125,0.7788847088813782
0,1203061760.0,2979,0.78125,0.8234755992889404
0,1207098880.0,2989,0.90625,0.7298065423965454
0,1211136000.0,2999,0.78125,0.8809057474136353
0,1215173120.0,3009,0.78125,0.9631749391555786
0,1219210240.0,3019,0.75,0.8450778722763062
0,1223247360.0,3029,0.65625,0.9908483028411865
0,1227284480.0,3039,0.84375,0.8586222529411316
0,1231321600.0,3049,0.8125,0.8123164176940918
0,1235358720.0,3059,0.8125,0.7323732972145081
0,1239395840.0,3069,0.75,0.8346460461616516
0,1243432960.0,3079,0.875,0.7045446038246155
0,1247470080.0,3089,0.84375,0.7571612000465393
0,1251507200.0,3099,0.84375,0.8235107064247131
0,1255544320.0,3109,0.84375,0.8386922478675842
0,1259581440.0,3119,0.78125,0.8515207767486572
0,1263618560.0,3129,0.65625,0.9453076124191284
0,1267655680.0,3139,0.875,0.7863003611564636
0,1271692800.0,3149,0.625,0.8935695886611938
0,1275729920.0,3159,0.71875,0.9211856126785278
0,1279767040.0,3169,0.71875,0.7940932512283325
0,1283804160.0,3179,0.625,0.9660716652870178
0,1287841280.0,3189,0.65625,0.845465362071991
0,1291878400.0,3199,0.875,0.7844064235687256
0,1295915520.0,3209,0.6875,0.7667392492294312
0,1299952640.0,3219,0.75,0.8974528312683105
0,1303989760.0,3229,0.78125,0.9234065413475037
0,1308026880.0,3239,0.75,0.91968834400177
0,1312064000.0,3249,0.8125,0.83822101354599
0,1316101120.0,3259,0.84375,0.8963729739189148
0,1320138240.0,3269,0.75,0.853504478931427
0,1324175360.0,3279,0.78125,0.9042792320251465
0,1328212480.0,3289,0.78125,0.907343864440918
0,1332249600.0,3299,0.78125,0.9497387409210205
0,1336286720.0,3309,0.78125,0.8924590349197388
0,1340323840.0,3319,0.75,1.0262198448181152
0,1344360960.0,3329,0.75,0.9158488512039185
0,1348398080.0,3339,0.6875,0.8910492658615112
0,1352435200.0,3349,0.75,0.9087920188903809
0,1356472320.0,3359,0.8125,0.8360856771469116
0,1360509440.0,3369,0.84375,0.8257363438606262
0,1364546560.0,3379,0.875,0.7344928979873657
0,1368583680.0,3389,0.78125,0.8138943910598755
0,1372620800.0,3399,0.6875,0.8351744413375854
0,1376657920.0,3409,0.78125,0.7069791555404663
0,1380695040.0,3419,0.84375,0.7984918355941772
0,1384732160.0,3429,0.90625,0.6929730176925659
0,1388769280.0,3439,0.875,0.7767730355262756
0,1392806400.0,3449,0.8125,0.9169731736183167
0,1396843520.0,3459,0.875,0.782169759273529
0,1400880640.0,3469,0.875,0.632142186164856
0,1404917760.0,3479,0.78125,0.9494812488555908
0,1408954880.0,3489,0.78125,1.0421504974365234
0,1412992000.0,3499,0.90625,0.720124363899231
0,1417029120.0,3509,0.78125,0.7714080214500427
0,1421066240.0,3519,0.875,0.6284188032150269
0,1425103360.0,3529,0.90625,0.7533905506134033
0,1429140480.0,3539,0.6875,0.8849303722381592
0,1433177600.0,3549,0.84375,0.8704848885536194
0,1437214720.0,3559,0.8125,0.7631323337554932
0,1441251840.0,3569,0.78125,0.8295568227767944
0,1445288960.0,3579,0.75,0.9396650791168213
0,1449326080.0,3589,0.84375,0.7433271408081055
0,1453363200.0,3599,0.78125,0.8224120140075684
0,1457400320.0,3609,0.78125,0.7681860327720642
0,1461437440.0,3619,0.8125,0.6562084555625916
0,1465474560.0,3629,0.78125,0.8780745267868042
0,1469511680.0,3639,0.75,0.797203540802002
0,1473548800.0,3649,0.75,0.8894737958908081
0,1477585920.0,3659,0.78125,0.847111701965332
0,1481623040.0,3669,0.8125,0.9183610677719116
0,1485660160.0,3679,0.6875,0.8169357180595398
0,1489697280.0,3689,0.78125,0.7967755794525146
0,1493734400.0,3699,0.84375,0.7574020624160767
0,1497771520.0,3709,0.875,0.684396505355835
0,1501808640.0,3719,0.875,0.8437671661376953
0,1505845760.0,3729,0.90625,0.7510004043579102
0,1509882880.0,3739,0.71875,0.905672013759613
0,1513920000.0,3749,0.8125,0.9267703890800476
0,1517957120.0,3759,0.78125,0.8263846039772034
0,1521994240.0,3769,0.65625,0.9369540214538574
0,1526031360.0,3779,0.78125,0.7249938249588013
0,1530068480.0,3789,0.71875,0.9054996967315674
0,1534105600.0,3799,0.78125,0.8690149784088135
0,1538142720.0,3809,0.875,0.7846978902816772
0,1542179840.0,3819,0.6875,0.788559079170227
0,1546216960.0,3829,0.8125,0.7936634421348572
0,1550254080.0,3839,0.71875,0.8671504259109497
0,1554291200.0,3849,0.8125,0.8146119117736816
0,1558328320.0,3859,0.6875,0.8392122983932495
0,1562365440.0,3869,0.75,0.9101890325546265
0,1566402560.0,3879,0.71875,0.8803614377975464
0,1570439680.0,3889,0.78125,0.7219158411026001
0,1574476800.0,3899,0.6875,0.8968756198883057
0,1578513920.0,3909,0.78125,0.9094541072845459
0,1582551040.0,3919,0.9375,0.779815137386322
0,1586588160.0,3929,0.84375,0.8450274467468262
0,1590625280.0,3939,0.71875,0.7513290643692017
0,1594662400.0,3949,0.8125,0.8437737226486206
0,1598699520.0,3959,0.8125,0.8463141918182373
0,1602736640.0,3969,0.6875,0.836656928062439
0,1606773760.0,3979,0.84375,0.7600607872009277
0,1610810880.0,3989,0.875,0.7261719703674316
0,1614848000.0,3999,0.6875,1.0004431009292603
0,1618885120.0,4009,0.9375,0.7264840602874756
0,1622922240.0,4019,0.71875,0.8951200246810913
0,1626959360.0,4029,0.9375,0.8066760897636414
0,1630996480.0,4039,0.78125,0.8538761734962463
0,1635033600.0,4049,0.8125,0.9357236623764038
0,1639070720.0,4059,0.9375,0.777989387512207
0,1643107840.0,4069,0.75,0.8867835998535156
0,1647144960.0,4079,0.875,0.7801786661148071
0,1651182080.0,4089,0.75,0.8165453672409058
0,1655219200.0,4099,0.8125,0.8584995269775391
0,1659256320.0,4109,0.78125,0.8860862255096436
0,1663293440.0,4119,0.625,0.8464272022247314
0,1667330560.0,4129,0.84375,0.8645383715629578
0,1671367680.0,4139,0.78125,0.9266769886016846
0,1675404800.0,4149,0.78125,0.7370363473892212
0,1679441920.0,4159,0.8125,0.7991382479667664
0,1683479040.0,4169,0.71875,0.7466627359390259
0,1687516160.0,4179,0.75,0.852014422416687
0,1691553280.0,4189,0.9375,0.7498692274093628
0,1695590400.0,4199,0.8125,0.8679280877113342
0,1699627520.0,4209,0.84375,0.8324336409568787
0,1703664640.0,4219,0.78125,0.8420754671096802
0,1707701760.0,4229,0.84375,0.8596141934394836
0,1711738880.0,4239,0.78125,0.7824622392654419
0,1715776000.0,4249,0.84375,0.7444936037063599
0,1719813120.0,4259,0.8125,0.8420848250389099
0,1723850240.0,4269,0.90625,0.7143573760986328
0,1727887360.0,4279,0.875,0.8307904005050659
0,1731924480.0,4289,0.71875,0.9369131922721863
0,1735961600.0,4299,0.875,0.8255856037139893
0,1739998720.0,4309,0.71875,0.923426628112793
0,1744035840.0,4319,0.78125,0.8215242028236389
0,1748072960.0,4329,0.90625,0.6991177797317505
0,1752110080.0,4339,0.875,0.8038023710250854
0,1756147200.0,4349,0.75,0.7990894317626953
0,1760184320.0,4359,0.90625,0.7539770603179932
0,1764221440.0,4369,0.84375,0.8221526741981506
0,1768258560.0,4379,0.65625,0.8774527311325073
0,1772295680.0,4389,0.75,0.9170080423355103
0,1776332800.0,4399,0.75,0.889707088470459
0,1780369920.0,4409,0.875,0.8150595426559448
0,1784407040.0,4419,0.75,0.7882888317108154
0,1788444160.0,4429,0.8125,0.7996062636375427
0,1792481280.0,4439,0.75,0.9452569484710693
0,1796518400.0,4449,0.875,0.6906223297119141
0,1800555520.0,4459,0.75,0.8952726125717163
0,1804592640.0,4469,0.78125,0.8622979521751404
0,1808629760.0,4479,0.9375,0.7947136759757996
0,1812666880.0,4489,0.8125,0.8846697807312012
0,1816704000.0,4499,0.6875,0.7813435792922974
0,1820741120.0,4509,0.84375,0.8204514980316162
0,1824778240.0,4519,0.875,0.7972807288169861
0,1828815360.0,4529,0.84375,0.692900538444519
0,1832852480.0,4539,0.8125,0.812086820602417
0,1836889600.0,4549,0.8125,0.861832857131958
0,1840926720.0,4559,0.84375,0.7671921849250793
0,1844963840.0,4569,0.90625,0.7534192204475403
0,1849000960.0,4579,0.84375,0.7617853879928589
0,1853038080.0,4589,0.78125,0.8245775699615479
0,1857075200.0,4599,0.6875,0.8187944889068604
0,1861112320.0,4609,0.71875,0.9568462371826172
0,1865149440.0,4619,0.84375,0.7869875431060791
0,1869186560.0,4629,0.84375,0.8625983595848083
0,1873223680.0,4639,0.8125,0.8087968826293945
0,1877260800.0,4649,0.875,0.8577687740325928
0,1881297920.0,4659,0.75,0.8062055110931396
0,1885335040.0,4669,0.9375,0.750749409198761
0,1889372160.0,4679,0.75,0.8411728739738464
0,1893409280.0,4689,0.71875,0.9083372354507446
0,1897446400.0,4699,0.78125,0.8396433591842651
0,1901483520.0,4709,0.78125,0.935575008392334
0,1905520640.0,4719,0.78125,0.79939866065979
0,1909557760.0,4729,0.6875,0.9269365668296814
0,1913594880.0,4739,0.875,0.7494023442268372
0,1917632000.0,4749,0.84375,0.8069183826446533
0,1921669120.0,4759,0.75,0.8569309711456299
0,1925706240.0,4769,0.75,0.8928142189979553
0,1929743360.0,4779,0.78125,1.0040494203567505
0,1933780480.0,4789,0.78125,1.004409670829773
0,1937817600.0,4799,0.78125,0.7896503210067749
0,1941854720.0,4809,0.8125,0.789808452129364
0,1945891840.0,4819,0.84375,0.8410564064979553
0,1949928960.0,4829,0.96875,0.785773754119873
0,1953966080.0,4839,0.84375,0.8470219373703003
0,1958003200.0,4849,0.90625,0.8134285807609558
0,1962040320.0,4859,0.75,0.7711541056632996
0,1966077440.0,4869,0.78125,0.7482191324234009
0,1970114560.0,4879,0.71875,0.9603853225708008
0,1974151680.0,4889,0.84375,0.8081867694854736
0,1978188800.0,4899,0.875,0.8189288377761841
0,1982225920.0,4909,0.8125,0.8130388259887695
0,1986263040.0,4919,0.8125,0.767371654510498
0,1990300160.0,4929,0.875,0.8148590922355652
0,1994337280.0,4939,0.875,0.776504397392273
0,1998374400.0,4949,0.875,0.8367786407470703
0,2002411520.0,4959,0.78125,0.9004131555557251
0,2006448640.0,4969,0.8125,0.7796439528465271
0,2010485760.0,4979,0.71875,0.8443396091461182
0,2014522880.0,4989,0.84375,0.8059956431388855
0,2018560000.0,4999,0.78125,0.7708418369293213
0,2022597120.0,5009,0.8125,0.8047006726264954
0,2026634240.0,5019,0.78125,0.931538462638855
0,2030671360.0,5029,0.78125,0.821389377117157
0,2034708480.0,5039,0.875,0.758784294128418
0,2038745600.0,5049,0.875,0.8130029439926147
0,2042782720.0,5059,0.90625,0.6359049677848816
0,2046819840.0,5069,0.6875,0.9299065470695496
0,2050856960.0,5079,0.78125,0.8916047811508179
0,2054894080.0,5089,0.71875,0.8825914263725281
0,2058931200.0,5099,0.78125,0.8907211422920227
0,2062968320.0,5109,0.9375,0.7765761613845825
0,2067005440.0,5119,0.75,0.9007412791252136
0,2071042560.0,5129,0.96875,0.5879782438278198
0,2075079680.0,5139,0.625,0.8462324142456055
0,2079116800.0,5149,0.84375,0.8197288513183594
0,2083153920.0,5159,0.9375,0.6464885473251343
0,2087191040.0,5169,0.9375,0.7450075149536133
0,2091228160.0,5179,0.8125,0.8702856302261353
0,2095265280.0,5189,0.8125,0.7954626083374023
0,2099302400.0,5199,1.0,0.773507833480835
0,2103339520.0,5209,0.71875,0.8786854147911072
0,2107376640.0,5219,0.75,0.8491983413696289
0,2111413760.0,5229,0.8125,0.8579085469245911
0,2115450880.0,5239,0.8125,0.8713482022285461
0,2119488000.0,5249,0.8125,0.8357306122779846
0,2123525120.0,5259,0.75,0.9205102324485779
0,2127562240.0,5269,0.875,0.7953799366950989
0,2131599360.0,5279,0.875,0.8523626327514648
0,2135636480.0,5289,0.875,0.7463968396186829
0,2139673600.0,5299,0.90625,0.8253304958343506
0,2143710720.0,5309,0.75,0.8773079514503479
0,2147747840.0,5319,0.8125,0.8345360159873962
0,2151784960.0,5329,0.875,0.7125909328460693
0,2155822080.0,5339,0.78125,0.8074895143508911
0,2159859200.0,5349,0.65625,0.8609229922294617
0,2163896320.0,5359,0.78125,0.9013620615005493
0,2167933440.0,5369,0.875,0.6634323596954346
0,2171970560.0,5379,0.8125,0.9986706972122192
0,2176007680.0,5389,0.84375,0.7447615265846252
0,2180044800.0,5399,0.84375,0.7261677980422974
0,2184081920.0,5409,0.8125,0.8379717469215393
0,2188119040.0,5419,0.78125,0.8462150692939758
0,2192156160.0,5429,0.8125,0.8837752938270569
0,2196193280.0,5439,0.75,0.8087273836135864
0,2200230400.0,5449,0.78125,0.8679028749465942
0,2204267520.0,5459,0.875,0.7229800224304199
0,2208304640.0,5469,0.75,0.8041474223136902
0,2212341760.0,5479,0.75,1.0030696392059326
0,2216378880.0,5489,0.90625,0.7395882606506348
0,2220416000.0,5499,0.90625,0.7121451497077942
0,2224453120.0,5509,0.75,0.8389925956726074
0,2228490240.0,5519,0.625,0.9508339762687683
0,2232527360.0,5529,0.75,0.8675425052642822
0,2236564480.0,5539,0.84375,0.8448743224143982
0,2240601600.0,5549,0.84375,0.8005855083465576
0,2244638720.0,5559,0.6875,0.836455762386322
0,2248675840.0,5569,0.75,0.9465498924255371
0,2252712960.0,5579,0.78125,0.840068519115448
0,2256750080.0,5589,0.59375,1.010465383529663
0,2260787200.0,5599,0.84375,0.8879310488700867
0,2264824320.0,5609,0.8125,0.7878667116165161
0,2268861440.0,5619,0.78125,0.8582430481910706
0,2272898560.0,5629,0.78125,0.855817973613739
0,2276935680.0,5639,0.75,0.8139420747756958
0,2280972800.0,5649,0.84375,0.7075603008270264
0,2285009920.0,5659,0.9375,0.8044993281364441
0,2289047040.0,5669,0.78125,0.9082831144332886
0,2293084160.0,5679,0.90625,0.88683021068573
0,2297121280.0,5689,0.90625,0.7015790939331055
0,2301158400.0,5699,0.875,0.7800317406654358
0,2305195520.0,5709,0.78125,0.9463827013969421
0,2309232640.0,5719,0.6875,0.8389332294464111
0,2313269760.0,5729,0.65625,0.9407554864883423
0,2317306880.0,5739,0.78125,0.8025413751602173
0,2321344000.0,5749,0.8125,0.8163537383079529
0,2325381120.0,5759,0.71875,0.8519576191902161
0,2329418240.0,5769,0.8125,0.7822621464729309
0,2333455360.0,5779,0.78125,0.8316556215286255
0,2337492480.0,5789,0.8125,0.8398749828338623
0,2341529600.0,5799,0.8125,0.7946520447731018
0,2345566720.0,5809,0.71875,0.9157578945159912
0,2349603840.0,5819,0.8125,0.7666792869567871
0,2353640960.0,5829,0.90625,0.7490881681442261
0,2357678080.0,5839,0.78125,0.8260496854782104
0,2361715200.0,5849,0.78125,0.8087695837020874
0,2365752320.0,5859,0.8125,0.786516547203064
0,2369789440.0,5869,0.6875,0.7868779897689819
0,2373826560.0,5879,0.84375,0.7659704685211182
0,2377863680.0,5889,0.75,0.8929116129875183
0,2381900800.0,5899,0.9375,0.7321376800537109
0,2385937920.0,5909,0.875,0.71268630027771
0,2389975040.0,5919,0.78125,0.8559962511062622
0,2394012160.0,5929,0.71875,0.8228341341018677
0,2398049280.0,5939,0.875,0.8407204151153564
0,2402086400.0,5949,0.9375,0.7345699071884155
0,2406123520.0,5959,0.875,0.821495532989502
0,2410160640.0,5969,0.875,0.8413125276565552
0,2414197760.0,5979,0.78125,0.8434072136878967
0,2418234880.0,5989,0.8125,0.7196272015571594
0,2422272000.0,5999,0.78125,0.8981951475143433
0,2426309120.0,6009,0.90625,0.7219843864440918
0,2430346240.0,6019,0.78125,0.763821005821228
0,2434383360.0,6029,0.84375,0.7942240834236145
0,2438420480.0,6039,0.9375,0.7303048968315125
0,2442457600.0,6049,0.75,0.7633343935012817
0,2446494720.0,6059,0.875,0.7982057929039001
0,2450531840.0,6069,0.90625,0.7332165837287903
0,2454568960.0,6079,0.625,1.0475194454193115
0,2458606080.0,6089,0.78125,0.7594706416130066
0,2462643200.0,6099,0.875,0.7938989996910095
0,2466680320.0,6109,0.875,0.7718068361282349
0,2470717440.0,6119,0.8125,0.8590746521949768
0,2474754560.0,6129,0.84375,0.7988247871398926
0,2478791680.0,6139,0.84375,0.8696027398109436
0,2482828800.0,6149,0.8125,0.7952994108200073
0,2486865920.0,6159,0.78125,0.9057084918022156
0,2490903040.0,6169,0.71875,0.8088691830635071
0,2494940160.0,6179,0.875,0.8621445894241333
0,2498977280.0,6189,0.875,0.752142071723938
0,2503014400.0,6199,0.8125,0.8544492125511169
0,2507051520.0,6209,0.84375,0.8825123906135559
0,2511088640.0,6219,0.8125,0.8079976439476013
0,2515125760.0,6229,0.875,0.8151758909225464
0,2519162880.0,6239,0.59375,0.8806208968162537
0,2523200000.0,6249,0.84375,0.849219560623169
0,2527237120.0,6259,0.71875,0.7830990552902222
0,2531274240.0,6269,0.8125,0.8206397891044617
0,2535311360.0,6279,0.84375,0.6886935234069824
0,2539348480.0,6289,0.78125,0.8862904906272888
0,2543385600.0,6299,0.71875,0.8218794465065002
0,2547422720.0,6309,0.78125,0.857771098613739
0,2551459840.0,6319,0.84375,0.7829734086990356
0,2555496960.0,6329,0.84375,0.7724785804748535
0,2559534080.0,6339,0.84375,0.738028883934021
0,2563571200.0,6349,0.84375,0.8106240630149841
0,2567608320.0,6359,0.71875,0.9646497368812561
0,2571645440.0,6369,0.75,0.8759429454803467
0,2575682560.0,6379,0.875,0.8099536299705505
0,2579719680.0,6389,0.84375,0.7424182295799255
0,2583756800.0,6399,0.875,0.828040599822998
0,2587793920.0,6409,0.78125,0.8944551944732666
0,2591831040.0,6419,0.875,0.6272534132003784
0,2595868160.0,6429,0.625,0.9044003486633301
0,2599905280.0,6439,0.65625,0.8264243602752686
0,2603942400.0,6449,0.6875,0.9198154211044312
0,2607979520.0,6459,0.84375,0.793936550617218
0,2612016640.0,6469,0.71875,0.7907524108886719
0,2616053760.0,6479,0.9375,0.7373382449150085
0,2620090880.0,6489,0.75,0.9378969669342041
0,2624128000.0,6499,0.84375,0.8580905199050903
0,2628165120.0,6509,0.75,0.9337539672851562
0,2632202240.0,6519,0.71875,0.9549739956855774
0,2636239360.0,6529,0.78125,0.8673245906829834
0,2640276480.0,6539,0.78125,0.8453750014305115
0,2644313600.0,6549,0.8125,0.7783607244491577
0,2648350720.0,6559,0.65625,0.9654972553253174
0,2652387840.0,6569,0.78125,0.8058856129646301
0,2656424960.0,6579,0.75,0.9383825063705444
0,2660462080.0,6589,0.875,0.8070835471153259
0,2664499200.0,6599,0.84375,0.8346643447875977
0,2668536320.0,6609,0.71875,0.8657537698745728
0,2672573440.0,6619,0.8125,0.7416344881057739
0,2676610560.0,6629,0.8125,0.6839562654495239
0,2680647680.0,6639,0.84375,0.8208411335945129
0,2684684800.0,6649,0.8125,0.8431621789932251
0,2688721920.0,6659,0.75,0.807702362537384
0,2692759040.0,6669,0.75,0.9456501603126526
0,2696796160.0,6679,0.8125,0.8375213742256165
0,2700833280.0,6689,0.71875,1.003820776939392
0,2704870400.0,6699,0.78125,0.8367583155632019
0,2708907520.0,6709,0.78125,0.8153636455535889
0,2712944640.0,6719,0.8125,0.9536954164505005
0,2716981760.0,6729,0.75,0.8668057322502136
0,2721018880.0,6739,0.75,0.8438952565193176
0,2725056000.0,6749,0.78125,0.7958084344863892
0,2729093120.0,6759,0.8125,0.7665921449661255
0,2733130240.0,6769,0.78125,0.8108570575714111
0,2737167360.0,6779,0.75,0.8210668563842773
0,2741204480.0,6789,0.84375,0.7737586498260498
0,2745241600.0,6799,0.84375,0.8470903635025024
0,2749278720.0,6809,0.875,0.7582547664642334
0,2753315840.0,6819,0.78125,0.8958288431167603
0,2757352960.0,6829,0.78125,0.847205638885498
0,2761390080.0,6839,0.78125,0.8441883325576782
0,2765427200.0,6849,0.78125,0.7656764984130859
0,2769464320.0,6859,0.75,0.8986073136329651
0,2773501440.0,6869,0.84375,0.7505496144294739
0,2777538560.0,6879,0.875,0.7700910568237305
0,2781575680.0,6889,0.78125,0.8536865711212158
0,2785612800.0,6899,0.75,0.8621512651443481
0,2789649920.0,6909,0.8125,0.8259541392326355
0,2793687040.0,6919,0.78125,0.777697741985321
0,2797724160.0,6929,0.8125,0.6549124717712402
0,2801761280.0,6939,0.75,0.8004095554351807
0,2805798400.0,6949,0.78125,0.7721062898635864
0,2809835520.0,6959,0.75,0.8292368650436401
0,2813872640.0,6969,0.75,0.8098486661911011
0,2817909760.0,6979,0.875,0.7106268405914307
0,2821946880.0,6989,0.8125,0.7471272349357605
0,2825984000.0,6999,0.75,0.8921118974685669
0,2830021120.0,7009,0.78125,0.7551252841949463
0,2834058240.0,7019,0.8125,0.8447457551956177
0,2838095360.0,7029,0.75,0.7360963821411133
0,2842132480.0,7039,0.8125,0.8130975961685181
0,2846169600.0,7049,0.75,1.1170015335083008
0,2850206720.0,7059,0.75,0.8723671436309814
0,2854243840.0,7069,0.78125,0.7828865647315979
0,2858280960.0,7079,0.84375,0.6931945085525513
0,2862318080.0,7089,0.75,0.8888373970985413
0,2866355200.0,7099,0.6875,0.8334617614746094
0,2870392320.0,7109,0.6875,0.7833724617958069
0,2874429440.0,7119,0.84375,0.7259644269943237
0,2878466560.0,7129,0.875,0.777753472328186
0,2882503680.0,7139,0.78125,0.7521752119064331
0,2886540800.0,7149,0.625,1.0099056959152222
0,2890577920.0,7159,0.8125,0.9658737182617188
0,2894615040.0,7169,0.8125,0.8282835483551025
0,2898652160.0,7179,0.875,0.6759651899337769
0,2902689280.0,7189,0.71875,0.8551918268203735
0,2906726400.0,7199,0.84375,0.831100583076477
0,2910763520.0,7209,0.78125,0.9128276705741882
0,2914800640.0,7219,0.84375,0.8897773027420044
0,2918837760.0,7229,0.90625,0.7614201307296753
0,2922874880.0,7239,0.75,0.9352059364318848
0,2926912000.0,7249,0.75,0.8350713849067688
0,2930949120.0,7259,0.78125,0.8602644205093384
0,2934986240.0,7269,0.84375,0.8866904973983765
0,2939023360.0,7279,0.90625,0.7445861101150513
0,2943060480.0,7289,0.875,0.7321910858154297
0,2947097600.0,7299,0.875,0.6614726185798645
0,2951134720.0,7309,0.8125,0.8087297677993774
0,2955171840.0,7319,0.84375,0.829670786857605
0,2959208960.0,7329,0.96875,0.7046816349029541
0,2963246080.0,7339,0.875,0.7634547352790833
0,2967283200.0,7349,0.90625,0.7237546443939209
0,2971320320.0,7359,0.84375,0.8213953971862793
0,2975357440.0,7369,0.8125,0.9255176782608032
0,2979394560.0,7379,0.75,0.7638872265815735
0,2983431680.0,7389,0.75,0.7972331047058105
0,2987468800.0,7399,0.75,0.9863261580467224
0,2991505920.0,7409,0.875,0.7895320057868958
0,2995543040.0,7419,0.78125,0.786368727684021
0,2999580160.0,7429,0.875,0.7585150003433228
0,3003617280.0,7439,0.6875,0.9025542140007019
0,3007654400.0,7449,0.84375,0.7355906367301941
0,3011691520.0,7459,0.875,0.7565240263938904
0,3015728640.0,7469,0.6875,0.8648233413696289
0,3019765760.0,7479,0.78125,0.7897880673408508
0,3023802880.0,7489,0.84375,0.8175452947616577
0,3027840000.0,7499,0.75,0.726239025592804
0,3031877120.0,7509,0.8125,0.7692928314208984
0,3035914240.0,7519,0.875,0.805372953414917
0,3039951360.0,7529,0.78125,0.7413263320922852
0,3043988480.0,7539,0.84375,0.7079932689666748
0,3048025600.0,7549,0.78125,0.8963053226470947
0,3052062720.0,7559,0.78125,0.8232904076576233
0,3056099840.0,7569,0.75,1.1419745683670044
0,3060136960.0,7579,0.71875,0.8060145974159241
0,3064174080.0,7589,0.78125,0.8613874316215515
0,3068211200.0,7599,0.75,0.8782041072845459
0,3072248320.0,7609,0.75,0.8586084246635437
0,3076285440.0,7619,0.8125,0.8761159181594849
0,3080322560.0,7629,0.75,0.8027803897857666
0,3084359680.0,7639,0.75,0.8189232349395752
0,3088396800.0,7649,0.90625,0.7405606508255005
0,3092433920.0,7659,0.59375,0.9170165657997131
0,3096471040.0,7669,0.75,0.8263804316520691
0,3100508160.0,7679,0.8125,0.9021593928337097
0,3104545280.0,7689,0.875,0.7617127299308777
0,3108582400.0,7699,0.875,0.8277482986450195
0,3112619520.0,7709,0.84375,0.7624877095222473
0,3116656640.0,7719,0.8125,0.8064161539077759
0,3120693760.0,7729,0.875,0.6141682863235474
0,3124730880.0,7739,0.625,1.1293628215789795
0,3128768000.0,7749,0.8125,0.8032093644142151
0,3132805120.0,7759,0.71875,0.8759520053863525
0,3136842240.0,7769,0.71875,0.9296280145645142
0,3140879360.0,7779,0.8125,0.8085266351699829
0,3144916480.0,7789,0.84375,0.7231059074401855
0,3148953600.0,7799,0.8125,0.8999557495117188
0,3152990720.0,7809,0.875,0.8854607343673706
0,3157027840.0,7819,0.9375,0.7475680112838745
0,3161064960.0,7829,0.8125,0.7734850645065308
0,3165102080.0,7839,0.8125,0.8532481789588928
0,3169139200.0,7849,0.84375,0.7754180431365967
0,3173176320.0,7859,0.75,0.8094735741615295
0,3177213440.0,7869,0.75,0.8289990425109863
0,3181250560.0,7879,0.84375,0.7506478428840637
0,3185287680.0,7889,0.8125,0.7273736000061035
0,3189324800.0,7899,0.875,0.6966016292572021
0,3193361920.0,7909,0.78125,0.7706174850463867
0,3197399040.0,7919,0.875,0.664111316204071
0,3201436160.0,7929,0.65625,0.9268410205841064
0,3205473280.0,7939,0.71875,0.8761594295501709
0,3209510400.0,7949,0.75,0.8825785517692566
0,3213547520.0,7959,0.78125,0.8013371229171753
0,3217584640.0,7969,0.75,0.8234680891036987
0,3221621760.0,7979,0.6875,0.9999139308929443
0,3225658880.0,7989,0.8125,0.7755792737007141
0,3229696000.0,7999,0.71875,0.8703426718711853
0,3233733120.0,8009,0.8125,0.828384280204773
0,3237770240.0,8019,0.78125,0.8740993738174438
0,3241807360.0,8029,0.875,0.7845819592475891
0,3245844480.0,8039,0.8125,0.8180200457572937
0,3249881600.0,8049,0.875,0.8113235235214233
0,3253918720.0,8059,0.75,0.9014610648155212
0,3257955840.0,8069,0.6875,0.8703612089157104
0,3261992960.0,8079,0.71875,0.8139995336532593
0,3266030080.0,8089,0.8125,0.668318510055542
0,3270067200.0,8099,0.71875,0.9405860304832458
0,3274104320.0,8109,0.75,0.8218264579772949
0,3278141440.0,8119,0.71875,0.8746213912963867
0,3282178560.0,8129,0.78125,0.85274338722229
0,3286215680.0,8139,0.75,0.8733327388763428
0,3290252800.0,8149,0.78125,0.8089372515678406
0,3294289920.0,8159,0.71875,0.8401442766189575
0,3298327040.0,8169,0.90625,0.7769489884376526
0,3302364160.0,8179,0.875,0.7385448813438416
0,3306401280.0,8189,0.90625,0.681525707244873
0,3310438400.0,8199,0.71875,0.8739615678787231
0,3314475520.0,8209,0.75,0.7363783717155457
0,3318512640.0,8219,0.8125,0.8164483308792114
0,3322549760.0,8229,0.78125,0.732160210609436
0,3326586880.0,8239,0.9375,0.7058924436569214
0,3330624000.0,8249,0.78125,0.8948513269424438
0,3334661120.0,8259,0.71875,0.9801757335662842
0,3338698240.0,8269,0.90625,0.6318528056144714
0,3342735360.0,8279,0.78125,0.7879377603530884
0,3346772480.0,8289,0.84375,0.7603378891944885
0,3350809600.0,8299,0.78125,0.844423234462738
0,3354846720.0,8309,0.6875,0.868945837020874
0,3358883840.0,8319,0.6875,0.8761218786239624
0,3362920960.0,8329,0.84375,0.7630033493041992
0,3366958080.0,8339,0.8125,1.0010329484939575
0,3370995200.0,8349,0.71875,0.8444353938102722
0,3375032320.0,8359,0.84375,0.7162719964981079
0,3379069440.0,8369,0.84375,0.8321725130081177
0,3383106560.0,8379,0.8125,0.789268970489502
0,3387143680.0,8389,0.875,0.7478907108306885
0,3391180800.0,8399,0.8125,0.9289888143539429
0,3395217920.0,8409,0.875,0.7682482004165649
0,3399255040.0,8419,0.8125,0.8710761070251465
0,3403292160.0,8429,0.8125,0.8574079275131226
0,3407329280.0,8439,0.6875,0.9739883542060852
0,3411366400.0,8449,0.78125,0.8091853857040405
0,3415403520.0,8459,0.875,0.7204743027687073
0,3419440640.0,8469,0.78125,0.8693110942840576
0,3423477760.0,8479,0.8125,0.9420931339263916
0,3427514880.0,8489,0.84375,0.7582170963287354
0,3431552000.0,8499,0.8125,0.8590621948242188
0,3435589120.0,8509,0.875,0.7817376852035522
0,3439626240.0,8519,0.84375,0.9093130826950073
0,3443663360.0,8529,0.78125,0.8421351313591003
0,3447700480.0,8539,0.90625,0.7990159392356873
0,3451737600.0,8549,0.8125,0.7162566184997559
0,3455774720.0,8559,0.78125,0.8938939571380615
0,3459811840.0,8569,0.875,0.6980260610580444
0,3463848960.0,8579,0.78125,0.7620117664337158
0,3467886080.0,8589,0.90625,0.706490159034729
0,3471923200.0,8599,0.875,0.7495471239089966
0,3475960320.0,8609,0.875,0.7881117463111877
0,3479997440.0,8619,0.84375,0.7793211936950684
0,3484034560.0,8629,0.90625,0.7956764698028564
0,3488071680.0,8639,0.71875,0.8659226894378662
0,3492108800.0,8649,0.84375,0.7698274254798889
0,3496145920.0,8659,0.71875,0.8451721668243408
0,3500183040.0,8669,0.8125,0.7732535600662231
0,3504220160.0,8679,0.8125,0.7835791707038879
0,3508257280.0,8689,0.84375,0.8735055923461914
0,3512294400.0,8699,0.75,0.7500963807106018
0,3516331520.0,8709,0.875,0.7880772352218628
0,3520368640.0,8719,0.78125,0.7810863852500916
0,3524405760.0,8729,0.78125,0.8848071694374084
0,3528442880.0,8739,0.875,0.7781242728233337
0,3532480000.0,8749,0.6875,0.8538246154785156
0,3536517120.0,8759,0.8125,0.7487506866455078
0,3540554240.0,8769,0.875,0.7241399884223938
0,3544591360.0,8779,0.8125,0.7363581657409668
0,3548628480.0,8789,0.875,0.909448504447937
0,3552665600.0,8799,0.75,0.9902325868606567
0,3556702720.0,8809,0.8125,0.7570987939834595
0,3560739840.0,8819,0.8125,0.8229376673698425
0,3564776960.0,8829,0.84375,0.7881201505661011
0,3568814080.0,8839,0.90625,0.7743144035339355
0,3572851200.0,8849,0.78125,0.8528815507888794
0,3576888320.0,8859,0.71875,0.8001415133476257
0,3580925440.0,8869,0.8125,0.8238844275474548
0,3584962560.0,8879,0.84375,0.7666316032409668
0,3588999680.0,8889,0.78125,0.8619025945663452
0,3593036800.0,8899,0.875,0.7106977701187134
0,3597073920.0,8909,0.84375,0.8630886077880859
0,3601111040.0,8919,0.84375,0.8270554542541504
0,3605148160.0,8929,0.75,0.8149398565292358
0,3609185280.0,8939,0.78125,0.8656964898109436
0,3613222400.0,8949,0.8125,0.809482991695404
0,3617259520.0,8959,0.75,0.852486252784729
0,3621296640.0,8969,0.84375,0.8524616956710815
0,3625333760.0,8979,0.6875,0.9080876111984253
0,3629370880.0,8989,0.78125,0.8830870389938354
0,3633408000.0,8999,0.75,0.8203811049461365
0,3637445120.0,9009,0.75,0.8414734601974487
0,3641482240.0,9019,0.75,0.9654818773269653
0,3645519360.0,9029,0.75,0.8181625604629517
0,3649556480.0,9039,0.75,0.9368928670883179
0,3653593600.0,9049,0.90625,0.8169276118278503
0,3657630720.0,9059,0.84375,0.8666452169418335
0,3661667840.0,9069,0.875,0.7009573578834534
0,3665704960.0,9079,0.9375,0.7461525201797485
0,3669742080.0,9089,0.75,0.8874560594558716
0,3673779200.0,9099,0.75,0.7662358283996582
0,3677816320.0,9109,0.84375,0.7084506154060364
0,3681853440.0,9119,0.84375,0.8707058429718018
0,3685890560.0,9129,0.875,0.6858198642730713
0,3689927680.0,9139,0.875,0.7283909916877747
0,3693964800.0,9149,0.71875,0.8075648546218872
0,3698001920.0,9159,0.8125,0.8352748155593872
0,3702039040.0,9169,0.84375,0.724711537361145
0,3706076160.0,9179,0.78125,0.7491474151611328
0,3710113280.0,9189,0.6875,0.871320366859436
0,3714150400.0,9199,0.875,0.8656730055809021
0,3718187520.0,9209,0.65625,0.8330956697463989
0,3722224640.0,9219,0.84375,0.7945277690887451
0,3726261760.0,9229,0.75,0.9168353080749512
0,3730298880.0,9239,0.90625,0.76318359375
0,3734336000.0,9249,0.71875,0.8243017792701721
0,3738373120.0,9259,0.875,0.6554394960403442
0,3742410240.0,9269,0.90625,0.741180419921875
0,3746447360.0,9279,0.71875,0.765173614025116
0,3750484480.0,9289,0.6875,0.7647265195846558
0,3754521600.0,9299,0.875,0.7164815664291382
0,3758558720.0,9309,0.78125,0.8286141157150269
0,3762595840.0,9319,0.8125,0.7288634777069092
0,3766632960.0,9329,0.8125,0.7568928003311157
0,3770670080.0,9339,0.75,0.8198723793029785
0,3774707200.0,9349,0.78125,0.705287516117096
0,3778744320.0,9359,0.75,0.8251786231994629
0,3782781440.0,9369,0.9375,0.6870201230049133
0,3786818560.0,9379,0.75,0.9318479299545288
0,3790855680.0,9389,0.84375,0.7806447148323059
0,3794892800.0,9399,0.8125,0.6777558922767639
0,3798929920.0,9409,0.625,0.8948462009429932
0,3802967040.0,9419,0.875,0.7631268501281738
0,3807004160.0,9429,0.8125,0.7754764556884766
0,3811041280.0,9439,0.84375,0.6994906663894653
0,3815078400.0,9449,0.8125,0.7677361369132996
0,3819115520.0,9459,0.90625,0.6470353603363037
0,3823152640.0,9469,0.84375,0.8541630506515503
0,3827189760.0,9479,0.8125,0.8366888761520386
0,3831226880.0,9489,0.71875,0.8934732675552368
0,3835264000.0,9499,0.875,0.7641153335571289
0,3839301120.0,9509,0.875,0.7730834484100342
0,3843338240.0,9519,0.84375,0.7746370434761047
0,3847375360.0,9529,0.84375,0.8128594160079956
0,3851412480.0,9539,0.875,0.7316299080848694
0,3855449600.0,9549,0.90625,0.790515661239624
0,3859486720.0,9559,0.8125,0.840562105178833
0,3863523840.0,9569,0.78125,0.7800238132476807
0,3867560960.0,9579,0.75,0.7695909738540649
0,3871598080.0,9589,0.78125,0.7689993977546692
0,3875635200.0,9599,0.84375,0.7874164581298828
0,3879672320.0,9609,0.78125,0.7774824500083923
0,3883709440.0,9619,0.8125,0.7523220777511597
0,3887746560.0,9629,0.8125,0.8015950322151184
0,3891783680.0,9639,0.75,0.8574538826942444
0,3895820800.0,9649,0.78125,0.8104329705238342
0,3899857920.0,9659,0.8125,0.8316547870635986
0,3903895040.0,9669,0.96875,0.6295221447944641
0,3907932160.0,9679,0.8125,0.8235076665878296
0,3911969280.0,9689,0.78125,0.801913857460022
0,3916006400.0,9699,0.8125,0.8278847932815552
0,3920043520.0,9709,0.84375,0.6920979022979736
0,3924080640.0,9719,0.875,0.7811486721038818
0,3928117760.0,9729,0.875,0.7425218820571899
0,3932154880.0,9739,0.90625,0.790895402431488
0,3936192000.0,9749,0.8125,0.894184947013855
0,3940229120.0,9759,0.8125,0.6717740893363953
0,3944266240.0,9769,0.78125,0.8830323815345764
0,3948303360.0,9779,0.875,0.7559534311294556
0,3952340480.0,9789,0.8125,0.674583911895752
0,3956377600.0,9799,0.875,0.6972976922988892
0,3960414720.0,9809,0.90625,0.8297518491744995
0,3964451840.0,9819,0.84375,0.735545814037323
0,3968488960.0,9829,0.875,0.7068283557891846
0,3972526080.0,9839,0.84375,0.7640509009361267
0,3976563200.0,9849,0.8125,0.7933990359306335
0,3980600320.0,9859,0.875,0.6553437113761902
0,3984637440.0,9869,0.8125,0.7953040599822998
0,3988674560.0,9879,0.78125,0.8362873792648315
0,3992711680.0,9889,0.75,0.8784365653991699
0,3996748800.0,9899,0.84375,0.7982200384140015
0,4000785920.0,9909,0.71875,0.768052339553833
0,4004823040.0,9919,0.78125,0.8274650573730469
0,4008860160.0,9929,0.8125,0.7598719596862793
0,4012897280.0,9939,0.8125,0.8192200660705566
0,4016934400.0,9949,0.71875,0.7594019174575806
0,4020971520.0,9959,0.84375,0.8261239528656006
0,4025008640.0,9969,0.71875,0.8279999494552612
0,4029045760.0,9979,0.78125,0.8966246843338013
0,4033082880.0,9989,0.8125,0.8113132119178772
0,4037120000.0,9999,0.71875,0.8746470212936401
